DeliveryID,OrderID,VehicleNo,DriverEmployeeID,RouteName,PlannedDate,ActualDate,Status
1,274,AP319977,728,Beach Belt,2020-03-27,2020-03-31,Out for Delivery
2,689,AP313492,521,Airport Line,2022-04-01,2022-04-05,Out for Delivery
3,474,AP313020,461,North Route,2024-04-06,,Planned
4,653,AP315515,293,North Route,2021-11-20,,Planned
5,506,AP312725,702,Beach Belt,2024-04-12,2024-04-13,Delivered
6,707,AP316355,749,North Route,2023-01-20,2023-01-20,Failed
7,304,AP316163,340,Beach Belt,2021-05-20,,Planned
8,190,AP314934,184,Port Route,2024-05-07,2024-05-10,Delivered
9,500,AP314931,67,Beach Belt,2020-05-28,2020-05-28,Delivered
10,77,AP312800,303,Beach Belt,2024-03-24,2024-03-26,Delivered
11,23,AP314280,157,South Route,2020-04-13,2020-04-16,Delivered
12,495,AP318965,965,City Core,2020-05-03,2020-05-06,Delivered
13,417,AP312499,145,Port Route,2020-03-12,2020-03-13,Delivered
14,58,AP316420,604,Port Route,2021-03-02,,Planned
15,408,AP314724,452,North Route,2024-01-26,2024-01-29,Delivered
16,628,AP315310,503,North Route,2023-11-27,2023-12-02,Failed
17,255,AP318901,401,Beach Belt,2023-05-02,2023-05-04,Out for Delivery
18,156,AP313910,24,City Core,2022-12-06,2022-12-07,Delivered
19,510,AP312687,498,North Route,2023-09-08,2023-09-08,Delivered
20,312,AP319888,644,North Route,2025-02-10,,Planned
21,791,AP318313,72,City Core,2022-01-25,2022-01-26,Delivered
22,68,AP314803,462,Beach Belt,2021-12-07,2021-12-08,Delivered
23,931,AP318045,483,Port Route,2023-04-08,2023-04-13,Delivered
24,467,AP312698,193,South Route,2024-04-28,,Planned
25,581,AP314024,4,Port Route,2021-09-18,2021-09-18,Delivered
26,88,AP311126,794,City Core,2020-01-02,2020-01-06,Out for Delivery
27,131,AP318414,612,City Core,2025-05-06,2025-05-09,Delivered
28,538,AP317543,161,City Core,2025-07-17,2025-07-17,Delivered
29,17,AP316343,809,Airport Line,2020-06-07,2020-06-07,Delivered
30,11,AP319603,2,City Core,2023-07-06,2023-07-09,Out for Delivery
31,462,AP316801,618,North Route,2022-05-07,2022-05-10,Out for Delivery
32,439,AP313409,645,Beach Belt,2025-09-27,2025-09-30,Out for Delivery
33,878,AP317608,105,North Route,2021-01-09,2021-01-14,Delivered
34,512,AP319531,766,Beach Belt,2023-05-01,2023-05-02,Out for Delivery
35,387,AP317965,885,Port Route,2024-05-25,2024-05-30,Delivered
36,278,AP312720,843,Beach Belt,2020-08-12,2020-08-14,Delivered
37,894,AP315881,576,Beach Belt,2020-07-01,2020-07-04,Delivered
38,796,AP316819,54,South Route,2023-12-14,2023-12-18,Delivered
39,293,AP312937,666,Beach Belt,2021-01-09,2021-01-13,Delivered
40,471,AP311406,492,South Route,2025-10-03,2025-10-04,Delivered
41,418,AP317027,389,Airport Line,2020-05-12,2020-05-16,Failed
42,60,AP319122,954,Airport Line,2024-05-18,2024-05-18,Delivered
43,632,AP318675,363,North Route,2023-09-26,,Planned
44,283,AP319264,871,South Route,2022-03-31,2022-04-03,Out for Delivery
45,991,AP314034,75,Port Route,2025-04-18,2025-04-21,Delivered
46,263,AP312113,87,South Route,2023-12-09,2023-12-13,Out for Delivery
47,638,AP319104,989,Beach Belt,2023-03-07,2023-03-09,Delivered
48,192,AP318840,438,Beach Belt,2025-01-16,2025-01-19,Delivered
49,5,AP319708,44,City Core,2023-03-08,2023-03-11,Delivered
50,738,AP319647,551,South Route,2023-01-06,2023-01-07,Failed
51,549,AP315710,56,South Route,2021-06-28,,Planned
52,728,AP318151,985,Port Route,2021-06-07,2021-06-12,Delivered
53,765,AP314923,722,South Route,2020-06-26,2020-06-28,Delivered
54,864,AP311110,957,South Route,2025-03-31,2025-04-02,Delivered
55,725,AP319296,702,Beach Belt,2020-02-09,2020-02-11,Delivered
56,579,AP311348,760,Port Route,2020-06-04,2020-06-04,Delivered
57,461,AP317669,382,Beach Belt,2021-09-09,2021-09-14,Delivered
58,447,AP315642,925,City Core,2025-10-26,2025-10-31,Delivered
59,988,AP317845,293,South Route,2025-06-03,2025-06-04,Delivered
60,670,AP318029,544,City Core,2024-03-16,2024-03-20,Delivered
61,557,AP315558,576,Airport Line,2025-01-07,,Planned
62,880,AP313245,960,North Route,2020-08-26,2020-08-29,Delivered
63,550,AP315579,479,North Route,2022-07-02,2022-07-02,Delivered
64,233,AP312120,567,City Core,2023-11-19,2023-11-24,Delivered
65,794,AP319572,434,Port Route,2020-08-08,2020-08-10,Failed
66,851,AP312548,812,Beach Belt,2024-06-16,2024-06-17,Delivered
67,510,AP315738,611,Airport Line,2023-09-08,2023-09-09,Delivered
68,448,AP318407,507,City Core,2021-10-04,2021-10-09,Failed
69,917,AP317877,605,Beach Belt,2023-03-03,2023-03-03,Failed
70,239,AP313945,540,Port Route,2022-05-11,2022-05-14,Delivered
71,852,AP312046,507,Port Route,2025-03-14,2025-03-16,Delivered
72,292,AP311762,338,City Core,2023-02-03,2023-02-05,Delivered
73,454,AP319486,684,Airport Line,2023-05-02,2023-05-05,Out for Delivery
74,727,AP315378,31,City Core,2021-04-06,2021-04-07,Delivered
75,881,AP318638,30,North Route,2022-04-11,2022-04-15,Delivered
76,910,AP317857,718,South Route,2024-07-15,2024-07-17,Delivered
77,41,AP312940,376,Beach Belt,2021-08-15,2021-08-20,Out for Delivery
78,322,AP318446,776,Airport Line,2020-12-08,2020-12-08,Delivered
79,404,AP313295,491,Port Route,2024-11-05,2024-11-10,Delivered
80,117,AP315688,764,Airport Line,2025-05-25,2025-05-27,Delivered
81,215,AP314999,769,South Route,2022-04-25,2022-04-27,Delivered
82,908,AP313923,538,North Route,2023-11-18,2023-11-21,Delivered
83,631,AP315936,807,Beach Belt,2021-07-17,,Planned
84,370,AP316484,259,City Core,2020-11-06,2020-11-08,Delivered
85,368,AP313583,79,Beach Belt,2020-10-10,2020-10-12,Out for Delivery
86,476,AP316796,64,City Core,2020-07-05,,Planned
87,394,AP314390,806,North Route,2024-05-18,2024-05-23,Out for Delivery
88,754,AP315423,108,Beach Belt,2021-05-24,2021-05-29,Delivered
89,844,AP318513,735,North Route,2021-07-28,2021-07-31,Delivered
90,855,AP316374,803,Beach Belt,2020-04-04,2020-04-04,Delivered
91,58,AP319001,123,North Route,2021-03-02,2021-03-06,Delivered
92,186,AP311857,857,Airport Line,2022-11-08,,Planned
93,493,AP316231,455,South Route,2023-03-06,2023-03-06,Out for Delivery
94,305,AP317773,85,Port Route,2023-03-09,2023-03-14,Delivered
95,182,AP315452,678,Port Route,2023-07-25,2023-07-30,Delivered
96,804,AP316448,491,City Core,2021-01-15,2021-01-17,Delivered
97,343,AP319766,496,Airport Line,2025-10-25,2025-10-27,Out for Delivery
98,746,AP312306,789,City Core,2021-01-31,2021-02-05,Delivered
99,135,AP319115,602,Airport Line,2024-10-09,2024-10-14,Delivered
100,420,AP312513,996,Port Route,2023-09-22,2023-09-27,Delivered
101,508,AP317170,499,City Core,2025-09-14,2025-09-14,Delivered
102,348,AP315700,499,Airport Line,2024-08-02,2024-08-03,Out for Delivery
103,22,AP319593,505,South Route,2021-05-08,2021-05-08,Delivered
104,250,AP318942,748,North Route,2022-02-17,,Planned
105,919,AP319037,895,South Route,2023-08-24,,Planned
106,925,AP319438,928,Port Route,2020-07-19,2020-07-21,Delivered
107,378,AP317129,3,City Core,2020-09-26,2020-10-01,Delivered
108,691,AP311575,941,Beach Belt,2020-04-20,2020-04-20,Delivered
109,997,AP312735,941,Airport Line,2023-04-02,2023-04-03,Delivered
110,357,AP313534,104,Airport Line,2022-02-03,2022-02-06,Delivered
111,419,AP315306,931,Beach Belt,2021-11-26,2021-11-26,Delivered
112,113,AP315382,535,Port Route,2020-06-19,,Planned
113,922,AP313815,177,Airport Line,2022-11-09,2022-11-10,Delivered
114,112,AP319726,455,North Route,2021-12-01,2021-12-04,Delivered
115,131,AP312848,710,Beach Belt,2025-05-06,2025-05-06,Out for Delivery
116,181,AP314932,334,City Core,2022-10-10,2022-10-13,Out for Delivery
117,175,AP316546,720,Beach Belt,2021-08-07,2021-08-11,Delivered
118,428,AP311990,139,Airport Line,2021-09-26,,Planned
119,297,AP315966,349,Port Route,2024-04-15,2024-04-15,Delivered
120,705,AP312715,5,Port Route,2025-06-01,2025-06-01,Delivered
121,417,AP317701,747,North Route,2020-03-12,2020-03-15,Delivered
122,423,AP318363,903,Airport Line,2020-01-08,2020-01-13,Delivered
123,565,AP319021,565,Beach Belt,2021-08-14,2021-08-19,Out for Delivery
124,590,AP311902,312,Airport Line,2020-09-28,2020-10-01,Out for Delivery
125,461,AP313721,685,Beach Belt,2021-09-09,2021-09-10,Delivered
126,718,AP319421,75,Port Route,2025-10-26,2025-10-30,Out for Delivery
127,596,AP317482,701,Beach Belt,2025-07-27,2025-08-01,Delivered
128,190,AP313770,785,City Core,2024-05-07,2024-05-07,Delivered
129,683,AP313456,279,North Route,2023-12-16,2023-12-20,Delivered
130,678,AP318471,426,North Route,2023-09-11,2023-09-15,Delivered
131,39,AP319032,560,City Core,2023-08-05,,Planned
132,66,AP313932,114,City Core,2025-02-04,,Planned
133,390,AP319179,335,Port Route,2024-01-04,2024-01-05,Delivered
134,3,AP317391,228,Airport Line,2025-07-28,2025-07-28,Delivered
135,50,AP312781,141,South Route,2020-11-18,2020-11-19,Delivered
136,789,AP314453,544,South Route,2025-07-16,2025-07-20,Out for Delivery
137,127,AP314053,807,South Route,2021-11-21,2021-11-24,Out for Delivery
138,187,AP311979,417,Airport Line,2022-06-05,,Planned
139,515,AP317935,618,Beach Belt,2025-03-07,2025-03-08,Out for Delivery
140,443,AP319894,870,Beach Belt,2024-02-20,2024-02-21,Delivered
141,953,AP316049,164,North Route,2023-01-24,2023-01-29,Delivered
142,107,AP311924,52,North Route,2021-10-07,2021-10-09,Delivered
143,519,AP313872,227,North Route,2024-09-15,2024-09-16,Delivered
144,463,AP312229,124,City Core,2022-05-26,2022-05-31,Delivered
145,32,AP312822,941,Airport Line,2022-06-27,2022-07-02,Delivered
146,880,AP313014,434,Airport Line,2020-08-26,2020-08-26,Delivered
147,932,AP315225,287,North Route,2022-12-17,2022-12-22,Delivered
148,647,AP314389,85,Beach Belt,2024-03-01,2024-03-04,Delivered
149,773,AP313824,684,City Core,2021-11-15,,Planned
150,743,AP317148,152,Airport Line,2023-12-25,2023-12-25,Delivered
151,511,AP315390,343,South Route,2024-07-06,2024-07-07,Delivered
152,10,AP312300,519,City Core,2020-10-21,2020-10-21,Delivered
153,279,AP312392,630,Port Route,2021-04-29,2021-04-29,Delivered
154,993,AP318321,266,Port Route,2023-04-25,2023-04-30,Delivered
155,124,AP318566,866,Beach Belt,2024-09-26,2024-09-29,Failed
156,582,AP316486,978,Port Route,2025-10-12,2025-10-15,Out for Delivery
157,587,AP315449,754,Beach Belt,2021-08-17,2021-08-20,Failed
158,624,AP316671,320,North Route,2025-07-06,2025-07-09,Delivered
159,703,AP319619,900,South Route,2022-12-21,2022-12-23,Delivered
160,768,AP318183,632,South Route,2024-02-16,2024-02-17,Failed
161,958,AP315735,382,Port Route,2025-09-08,2025-09-10,Failed
162,40,AP311905,971,Airport Line,2023-12-15,2023-12-15,Out for Delivery
163,895,AP312036,867,Airport Line,2025-07-07,2025-07-08,Delivered
164,138,AP311393,504,City Core,2025-04-28,2025-04-30,Failed
165,937,AP314351,800,Airport Line,2023-04-06,2023-04-09,Delivered
166,494,AP318145,40,North Route,2023-06-07,2023-06-07,Delivered
167,481,AP319853,829,Port Route,2025-03-16,,Planned
168,555,AP318190,4,Port Route,2021-08-27,2021-08-27,Delivered
169,458,AP314655,345,Port Route,2023-04-21,2023-04-21,Out for Delivery
170,921,AP315306,132,City Core,2022-04-02,2022-04-03,Delivered
171,248,AP315524,220,South Route,2021-05-11,2021-05-14,Delivered
172,913,AP317137,193,Airport Line,2023-03-17,2023-03-21,Delivered
173,241,AP319286,611,Airport Line,2025-01-09,2025-01-10,Failed
174,105,AP319696,871,Port Route,2024-04-22,2024-04-25,Delivered
175,907,AP316877,248,North Route,2020-04-12,2020-04-14,Delivered
176,527,AP313261,267,South Route,2020-01-13,2020-01-15,Out for Delivery
177,480,AP317344,221,Port Route,2025-05-10,2025-05-11,Delivered
178,995,AP317134,555,City Core,2024-12-21,2024-12-25,Delivered
179,316,AP317235,331,City Core,2021-11-08,2021-11-08,Out for Delivery
180,445,AP318067,754,City Core,2022-06-05,2022-06-07,Delivered
181,40,AP314467,93,Beach Belt,2023-12-15,2023-12-18,Delivered
182,750,AP311937,104,Airport Line,2024-11-05,2024-11-05,Out for Delivery
183,3,AP316543,751,North Route,2025-07-28,,Planned
184,151,AP312285,904,Airport Line,2020-02-01,2020-02-06,Delivered
185,46,AP313778,678,Airport Line,2021-01-26,2021-01-26,Delivered
186,237,AP315781,763,North Route,2020-10-17,2020-10-21,Out for Delivery
187,767,AP314521,506,Airport Line,2021-03-09,,Planned
188,623,AP313800,670,Port Route,2022-01-11,2022-01-14,Delivered
189,339,AP317430,120,Beach Belt,2022-05-19,2022-05-20,Delivered
190,678,AP311799,992,Beach Belt,2023-09-11,2023-09-14,Out for Delivery
191,538,AP312691,536,Beach Belt,2025-07-17,,Planned
192,94,AP314542,581,Beach Belt,2025-06-15,2025-06-18,Out for Delivery
193,29,AP313301,333,Port Route,2023-07-20,2023-07-21,Out for Delivery
194,577,AP311202,587,Port Route,2022-06-15,2022-06-20,Failed
195,163,AP312243,300,North Route,2020-06-23,2020-06-26,Delivered
196,172,AP311952,857,Port Route,2022-09-20,2022-09-23,Delivered
197,717,AP317329,843,Beach Belt,2025-05-31,2025-06-04,Delivered
198,464,AP319424,8,City Core,2020-06-03,,Planned
199,457,AP317523,839,Port Route,2025-08-26,2025-08-26,Out for Delivery
200,681,AP314487,714,Beach Belt,2025-01-23,2025-01-28,Delivered
201,228,AP317432,329,Airport Line,2025-09-13,2025-09-17,Delivered
202,470,AP318354,533,South Route,2024-09-20,2024-09-20,Delivered
203,289,AP311601,319,North Route,2023-03-04,2023-03-05,Delivered
204,774,AP314622,500,Airport Line,2023-03-03,2023-03-08,Delivered
205,665,AP318475,487,South Route,2020-05-04,2020-05-07,Failed
206,937,AP313920,147,Port Route,2023-04-06,2023-04-10,Out for Delivery
207,909,AP313342,623,Port Route,2023-01-07,2023-01-09,Delivered
208,431,AP314145,188,South Route,2025-05-07,,Planned
209,494,AP313173,847,City Core,2023-06-07,,Planned
210,785,AP314483,479,City Core,2025-05-26,2025-05-31,Delivered
211,13,AP319293,13,Airport Line,2022-11-21,2022-11-26,Delivered
212,93,AP314829,872,Beach Belt,2021-08-25,2021-08-27,Delivered
213,453,AP315163,789,North Route,2020-04-17,2020-04-18,Delivered
214,904,AP312414,356,Airport Line,2023-05-10,2023-05-12,Delivered
215,511,AP313397,980,Beach Belt,2024-07-06,2024-07-07,Failed
216,628,AP311093,389,Beach Belt,2023-11-27,2023-12-01,Delivered
217,889,AP313959,898,City Core,2023-05-14,2023-05-17,Delivered
218,863,AP318868,509,North Route,2024-06-29,2024-06-29,Delivered
219,711,AP318891,804,City Core,2020-05-09,2020-05-09,Delivered
220,701,AP318665,241,South Route,2022-08-25,2022-08-26,Delivered
221,587,AP318448,808,City Core,2021-08-17,2021-08-20,Failed
222,463,AP316767,156,South Route,2022-05-26,2022-05-28,Delivered
223,540,AP313836,233,Beach Belt,2021-12-13,,Planned
224,780,AP311511,71,City Core,2021-10-08,,Planned
225,150,AP311680,669,Port Route,2022-12-19,2022-12-22,Delivered
226,726,AP317090,537,Airport Line,2022-01-26,2022-01-30,Delivered
227,101,AP318785,589,Port Route,2024-02-18,2024-02-21,Delivered
228,780,AP318478,416,Port Route,2021-10-08,2021-10-13,Delivered
229,473,AP315916,274,South Route,2023-05-11,2023-05-13,Failed
230,426,AP316106,459,South Route,2021-06-30,,Planned
231,304,AP319127,797,North Route,2021-05-20,2021-05-25,Delivered
232,903,AP317491,437,Beach Belt,2023-08-14,2023-08-16,Out for Delivery
233,447,AP316675,601,North Route,2025-10-26,2025-10-31,Delivered
234,50,AP316384,144,North Route,2020-11-18,2020-11-23,Delivered
235,757,AP313647,694,Port Route,2021-01-20,2021-01-24,Delivered
236,759,AP318121,661,City Core,2025-05-18,2025-05-23,Delivered
237,209,AP312169,790,South Route,2023-04-24,2023-04-29,Delivered
238,84,AP314708,316,Port Route,2020-01-09,2020-01-09,Out for Delivery
239,813,AP313667,464,Airport Line,2024-01-21,2024-01-24,Delivered
240,115,AP312491,172,North Route,2020-05-19,2020-05-20,Delivered
241,337,AP311428,734,Beach Belt,2020-01-15,2020-01-15,Out for Delivery
242,854,AP316005,714,South Route,2021-09-14,2021-09-16,Delivered
243,865,AP312536,929,Airport Line,2021-08-10,2021-08-11,Failed
244,416,AP319482,672,Airport Line,2023-12-04,2023-12-06,Delivered
245,999,AP313836,893,City Core,2021-02-15,2021-02-17,Out for Delivery
246,338,AP316287,38,City Core,2020-05-08,2020-05-10,Delivered
247,668,AP317331,704,Airport Line,2020-12-02,,Planned
248,646,AP313022,106,Port Route,2024-12-07,2024-12-10,Delivered
249,636,AP316912,591,North Route,2022-02-18,2022-02-18,Failed
250,596,AP312437,150,North Route,2025-07-27,2025-07-31,Delivered
251,480,AP316619,941,South Route,2025-05-10,2025-05-15,Delivered
252,66,AP319316,410,North Route,2025-02-04,2025-02-07,Delivered
253,970,AP313442,33,Port Route,2023-02-23,,Planned
254,734,AP311595,843,South Route,2025-06-23,2025-06-24,Failed
255,754,AP319801,928,North Route,2021-05-24,2021-05-28,Out for Delivery
256,393,AP316253,764,Airport Line,2024-01-25,2024-01-29,Out for Delivery
257,590,AP312484,135,North Route,2020-09-28,,Planned
258,109,AP316461,22,Port Route,2025-07-14,2025-07-16,Out for Delivery
259,399,AP311140,805,Airport Line,2020-01-27,2020-01-28,Delivered
260,638,AP313078,53,Port Route,2023-03-07,2023-03-07,Failed
261,140,AP314085,916,Port Route,2020-05-10,2020-05-14,Delivered
262,161,AP313545,105,Airport Line,2021-01-07,2021-01-11,Delivered
263,304,AP314469,212,North Route,2021-05-20,2021-05-21,Out for Delivery
264,884,AP311245,528,Airport Line,2020-09-13,2020-09-17,Failed
265,811,AP317871,711,Port Route,2024-02-28,2024-03-01,Delivered
266,308,AP314739,310,Port Route,2025-08-27,,Planned
267,360,AP312923,517,Port Route,2024-10-08,,Planned
268,738,AP319690,868,Port Route,2023-01-06,,Planned
269,730,AP318377,404,Port Route,2024-06-27,,Planned
270,427,AP317552,926,City Core,2021-03-16,2021-03-20,Delivered
271,327,AP314927,252,Airport Line,2020-07-16,2020-07-18,Delivered
272,363,AP311471,180,South Route,2022-08-28,,Planned
273,748,AP318176,87,Port Route,2022-07-05,2022-07-07,Delivered
274,479,AP315185,753,Beach Belt,2023-03-09,2023-03-10,Delivered
275,383,AP312380,150,Airport Line,2023-05-30,2023-06-02,Delivered
276,314,AP312775,480,City Core,2022-12-11,2022-12-14,Out for Delivery
277,325,AP314245,402,City Core,2024-03-24,2024-03-24,Out for Delivery
278,785,AP314572,991,South Route,2025-05-26,2025-05-30,Delivered
279,155,AP313533,183,Airport Line,2021-02-21,2021-02-23,Delivered
280,372,AP314076,289,North Route,2025-05-22,,Planned
281,40,AP317222,194,South Route,2023-12-15,2023-12-17,Delivered
282,76,AP311447,279,City Core,2023-10-31,,Planned
283,911,AP311103,798,City Core,2020-11-15,2020-11-16,Delivered
284,837,AP311230,607,Port Route,2024-09-25,2024-09-27,Delivered
285,852,AP311973,412,South Route,2025-03-14,2025-03-15,Delivered
286,206,AP312844,193,City Core,2022-03-26,2022-03-30,Delivered
287,383,AP315033,762,North Route,2023-05-30,2023-06-02,Out for Delivery
288,588,AP316818,761,North Route,2025-04-03,2025-04-04,Delivered
289,499,AP314720,373,Port Route,2021-05-13,2021-05-17,Delivered
290,498,AP312801,200,Beach Belt,2024-05-10,2024-05-10,Delivered
291,428,AP319584,727,South Route,2021-09-26,2021-09-28,Delivered
292,269,AP312490,214,North Route,2020-02-01,2020-02-01,Failed
293,709,AP315903,588,Airport Line,2025-01-08,2025-01-09,Delivered
294,821,AP315881,320,City Core,2025-08-16,,Planned
295,442,AP318998,804,North Route,2020-03-19,2020-03-24,Delivered
296,830,AP311033,580,Beach Belt,2024-10-21,2024-10-25,Delivered
297,899,AP313869,556,City Core,2022-12-22,2022-12-26,Delivered
298,83,AP311771,76,Beach Belt,2025-07-11,2025-07-16,Out for Delivery
299,170,AP318010,877,Beach Belt,2022-09-22,,Planned
300,385,AP315310,304,City Core,2025-03-11,,Planned
301,378,AP313071,195,Port Route,2020-09-26,2020-09-26,Delivered
302,888,AP316531,68,Airport Line,2024-04-26,2024-04-29,Delivered
303,717,AP315190,479,Airport Line,2025-05-31,2025-06-03,Delivered
304,250,AP315293,531,Port Route,2022-02-17,,Planned
305,526,AP314212,940,South Route,2021-04-07,2021-04-08,Out for Delivery
306,4,AP316828,220,Beach Belt,2025-03-04,2025-03-07,Delivered
307,738,AP317345,835,Airport Line,2023-01-06,2023-01-09,Delivered
308,983,AP317001,481,South Route,2024-02-19,2024-02-21,Delivered
309,361,AP313242,884,Airport Line,2022-09-09,2022-09-09,Failed
310,601,AP311343,930,North Route,2023-05-01,2023-05-03,Out for Delivery
311,236,AP316450,220,Port Route,2021-12-15,2021-12-17,Delivered
312,710,AP312532,418,North Route,2020-07-30,2020-08-02,Failed
313,77,AP317225,844,Beach Belt,2024-03-24,2024-03-29,Delivered
314,176,AP319153,645,South Route,2022-10-16,2022-10-18,Delivered
315,836,AP315787,19,Airport Line,2023-11-09,2023-11-10,Delivered
316,660,AP314491,761,City Core,2025-03-07,2025-03-10,Delivered
317,700,AP312489,75,Airport Line,2020-08-02,2020-08-07,Delivered
318,850,AP312724,45,South Route,2021-10-28,,Planned
319,634,AP312340,928,North Route,2022-06-15,,Planned
320,910,AP316831,873,North Route,2024-07-15,2024-07-19,Out for Delivery
321,145,AP313581,758,Beach Belt,2020-04-09,,Planned
322,996,AP316503,520,Port Route,2021-06-06,,Planned
323,668,AP315050,263,Beach Belt,2020-12-02,2020-12-05,Out for Delivery
324,295,AP311908,51,Airport Line,2024-11-26,2024-11-28,Delivered
325,251,AP316165,465,City Core,2024-07-14,2024-07-15,Delivered
326,699,AP315849,204,Port Route,2020-12-06,2020-12-06,Delivered
327,905,AP311868,781,Airport Line,2022-10-26,2022-10-26,Out for Delivery
328,370,AP315026,607,City Core,2020-11-06,2020-11-08,Delivered
329,540,AP312677,754,South Route,2021-12-13,2021-12-18,Delivered
330,886,AP317250,531,Port Route,2021-03-07,2021-03-09,Out for Delivery
331,51,AP311609,308,Beach Belt,2020-11-11,2020-11-16,Delivered
332,64,AP315451,779,South Route,2024-05-07,2024-05-11,Failed
333,47,AP314802,417,North Route,2023-03-30,2023-04-03,Delivered
334,260,AP318669,217,City Core,2024-08-17,,Planned
335,44,AP315399,995,Port Route,2021-07-23,2021-07-27,Delivered
336,388,AP317408,806,Port Route,2022-12-23,,Planned
337,124,AP316611,638,North Route,2024-09-26,2024-10-01,Out for Delivery
338,807,AP316897,58,Airport Line,2025-02-11,,Planned
339,55,AP311010,487,North Route,2021-10-10,2021-10-12,Delivered
340,11,AP313701,265,City Core,2023-07-06,2023-07-07,Delivered
341,84,AP318663,951,Airport Line,2020-01-09,2020-01-10,Delivered
342,522,AP316806,364,South Route,2023-05-12,2023-05-17,Out for Delivery
343,674,AP316984,972,Port Route,2022-08-28,2022-08-30,Out for Delivery
344,835,AP316901,385,North Route,2024-04-14,,Planned
345,856,AP315563,650,Port Route,2023-11-03,2023-11-07,Delivered
346,429,AP313043,766,Beach Belt,2023-02-09,2023-02-14,Delivered
347,616,AP317386,83,City Core,2022-04-03,2022-04-07,Delivered
348,401,AP314724,151,Airport Line,2025-03-05,2025-03-07,Delivered
349,546,AP312918,400,Port Route,2023-06-07,,Planned
350,389,AP314213,528,Airport Line,2023-06-16,2023-06-19,Failed
351,986,AP319362,402,North Route,2020-04-09,2020-04-12,Out for Delivery
352,973,AP311528,235,North Route,2025-08-25,2025-08-25,Delivered
353,679,AP316660,559,Airport Line,2025-07-13,,Planned
354,510,AP319790,658,North Route,2023-09-08,,Planned
355,99,AP314697,665,Airport Line,2020-11-12,,Planned
356,461,AP311059,422,South Route,2021-09-09,2021-09-10,Delivered
357,543,AP318398,402,Airport Line,2021-10-21,2021-10-21,Delivered
358,786,AP319515,92,City Core,2021-04-18,2021-04-21,Failed
359,242,AP316420,482,North Route,2025-09-13,2025-09-13,Delivered
360,265,AP311575,416,Beach Belt,2025-02-26,2025-03-03,Delivered
361,259,AP318221,487,Port Route,2023-09-07,2023-09-11,Failed
362,45,AP318330,554,Airport Line,2022-12-20,,Planned
363,596,AP318905,703,Beach Belt,2025-07-27,2025-08-01,Delivered
364,814,AP314674,720,Airport Line,2023-02-14,2023-02-17,Delivered
365,881,AP312381,659,Beach Belt,2022-04-11,2022-04-11,Delivered
366,154,AP311203,201,North Route,2021-10-28,2021-10-28,Delivered
367,728,AP314381,71,South Route,2021-06-07,2021-06-09,Delivered
368,582,AP311691,718,Airport Line,2025-10-12,2025-10-17,Delivered
369,355,AP317574,889,Port Route,2023-08-28,2023-08-28,Delivered
370,655,AP312252,519,Port Route,2024-02-13,2024-02-18,Delivered
371,169,AP319524,413,Airport Line,2023-11-01,2023-11-05,Delivered
372,592,AP316580,444,South Route,2020-12-05,,Planned
373,144,AP315024,154,South Route,2025-09-22,2025-09-22,Failed
374,321,AP316760,504,South Route,2023-02-05,2023-02-06,Delivered
375,564,AP317133,629,Port Route,2020-05-05,2020-05-10,Out for Delivery
376,796,AP314530,334,Beach Belt,2023-12-14,2023-12-15,Delivered
377,518,AP312979,554,Beach Belt,2021-04-04,2021-04-09,Failed
378,686,AP318017,641,North Route,2025-09-11,2025-09-16,Delivered
379,589,AP314819,447,North Route,2024-12-08,2024-12-11,Delivered
380,197,AP311564,585,North Route,2023-11-06,2023-11-08,Delivered
381,38,AP312022,158,City Core,2023-05-31,2023-05-31,Out for Delivery
382,678,AP317780,19,North Route,2023-09-11,2023-09-14,Delivered
383,724,AP319088,921,City Core,2025-07-11,2025-07-15,Delivered
384,169,AP312096,55,South Route,2023-11-01,2023-11-01,Delivered
385,287,AP311381,57,City Core,2023-12-08,2023-12-08,Delivered
386,248,AP312856,762,Beach Belt,2021-05-11,2021-05-11,Delivered
387,83,AP314630,850,South Route,2025-07-11,2025-07-15,Delivered
388,510,AP316853,298,Beach Belt,2023-09-08,2023-09-13,Delivered
389,369,AP312150,611,North Route,2025-09-20,2025-09-23,Delivered
390,123,AP318526,520,City Core,2025-08-03,2025-08-06,Delivered
391,398,AP316189,51,Beach Belt,2024-09-13,2024-09-17,Delivered
392,76,AP311983,489,Airport Line,2023-10-31,2023-11-04,Delivered
393,861,AP313259,753,North Route,2022-06-11,2022-06-14,Out for Delivery
394,579,AP317343,66,Port Route,2020-06-04,2020-06-06,Out for Delivery
395,611,AP317043,689,South Route,2021-05-04,2021-05-07,Failed
396,582,AP319215,999,Airport Line,2025-10-12,2025-10-17,Delivered
397,975,AP313918,885,Port Route,2021-01-27,2021-02-01,Delivered
398,853,AP314380,239,City Core,2025-09-13,2025-09-14,Delivered
399,781,AP319034,687,City Core,2025-07-13,2025-07-13,Out for Delivery
400,990,AP314851,15,South Route,2022-01-11,2022-01-14,Out for Delivery
401,212,AP318455,797,City Core,2024-06-26,2024-06-30,Out for Delivery
402,972,AP317553,309,North Route,2021-09-23,,Planned
403,931,AP317569,50,City Core,2023-04-08,2023-04-11,Delivered
404,675,AP316536,962,South Route,2024-10-29,,Planned
405,192,AP319452,919,Beach Belt,2025-01-16,2025-01-21,Delivered
406,836,AP319259,694,Airport Line,2023-11-09,2023-11-12,Delivered
407,531,AP311796,141,South Route,2022-05-27,2022-05-29,Delivered
408,547,AP313069,23,Beach Belt,2024-08-06,2024-08-09,Delivered
409,411,AP316749,699,Port Route,2020-11-21,2020-11-26,Delivered
410,296,AP318492,487,South Route,2023-11-30,,Planned
411,663,AP311084,934,City Core,2024-07-14,2024-07-19,Delivered
412,107,AP319950,183,Port Route,2021-10-07,2021-10-07,Delivered
413,460,AP318607,196,Beach Belt,2023-02-10,,Planned
414,524,AP313145,793,Airport Line,2021-03-13,2021-03-15,Delivered
415,188,AP318222,126,North Route,2024-12-21,2024-12-25,Delivered
416,745,AP315405,626,Airport Line,2021-12-06,2021-12-08,Delivered
417,456,AP317902,220,Port Route,2021-02-24,2021-02-25,Out for Delivery
418,127,AP317452,587,Port Route,2021-11-21,2021-11-26,Delivered
419,26,AP313702,978,North Route,2021-02-19,2021-02-23,Delivered
420,851,AP316126,575,Port Route,2024-06-16,2024-06-19,Out for Delivery
421,875,AP319904,284,City Core,2020-09-30,2020-10-01,Failed
422,524,AP316671,888,South Route,2021-03-13,2021-03-17,Delivered
423,381,AP315131,111,Beach Belt,2020-07-28,2020-08-02,Delivered
424,623,AP319268,512,Port Route,2022-01-11,2022-01-14,Delivered
425,271,AP315992,136,City Core,2024-11-29,2024-12-04,Delivered
426,623,AP312143,196,Airport Line,2022-01-11,2022-01-14,Delivered
427,612,AP319719,159,Port Route,2022-05-18,,Planned
428,564,AP312644,963,South Route,2020-05-05,2020-05-10,Out for Delivery
429,461,AP315128,591,South Route,2021-09-09,2021-09-13,Out for Delivery
430,94,AP317100,739,Airport Line,2025-06-15,2025-06-17,Delivered
431,965,AP313849,14,Beach Belt,2022-05-28,2022-05-28,Delivered
432,454,AP312426,847,South Route,2023-05-02,2023-05-05,Delivered
433,154,AP311699,277,Airport Line,2021-10-28,2021-10-28,Delivered
434,684,AP319566,267,South Route,2023-12-08,2023-12-08,Delivered
435,409,AP318189,473,City Core,2025-05-17,,Planned
436,757,AP319789,613,City Core,2021-01-20,2021-01-22,Out for Delivery
437,861,AP313911,119,Port Route,2022-06-11,2022-06-15,Failed
438,411,AP317207,291,Airport Line,2020-11-21,2020-11-24,Delivered
439,856,AP318703,127,City Core,2023-11-03,2023-11-07,Delivered
440,565,AP318979,959,North Route,2021-08-14,2021-08-19,Out for Delivery
441,290,AP312347,962,South Route,2023-09-09,2023-09-09,Delivered
442,57,AP319048,182,Beach Belt,2023-04-29,2023-05-03,Out for Delivery
443,691,AP313518,625,City Core,2020-04-20,2020-04-24,Failed
444,243,AP316934,198,South Route,2022-01-18,2022-01-20,Delivered
445,735,AP318245,472,City Core,2020-02-16,2020-02-18,Delivered
446,374,AP315931,572,North Route,2020-06-08,,Planned
447,311,AP312076,98,North Route,2022-06-18,2022-06-23,Delivered
448,83,AP314788,419,Beach Belt,2025-07-11,2025-07-15,Out for Delivery
449,15,AP311480,111,South Route,2020-09-10,2020-09-15,Delivered
450,757,AP317056,267,South Route,2021-01-20,2021-01-23,Failed
451,998,AP313943,422,City Core,2021-12-04,2021-12-04,Out for Delivery
452,793,AP317253,967,South Route,2024-05-30,2024-06-04,Delivered
453,493,AP318685,852,North Route,2023-03-06,,Planned
454,515,AP312943,498,Port Route,2025-03-07,2025-03-08,Out for Delivery
455,707,AP313039,514,Beach Belt,2023-01-20,2023-01-24,Out for Delivery
456,537,AP312930,417,Beach Belt,2025-06-20,2025-06-20,Out for Delivery
457,447,AP317761,453,South Route,2025-10-26,2025-10-28,Delivered
458,440,AP315957,696,Port Route,2021-06-11,2021-06-12,Delivered
459,290,AP313138,508,North Route,2023-09-09,2023-09-09,Delivered
460,67,AP319885,550,Port Route,2024-06-25,2024-06-28,Out for Delivery
461,629,AP312856,593,Beach Belt,2024-07-18,2024-07-23,Delivered
462,396,AP317128,463,Port Route,2021-07-25,2021-07-25,Delivered
463,905,AP317225,466,North Route,2022-10-26,2022-10-29,Delivered
464,121,AP314277,725,North Route,2021-09-06,2021-09-10,Delivered
465,798,AP315530,989,South Route,2023-10-14,2023-10-17,Delivered
466,979,AP319459,404,Airport Line,2023-09-09,,Planned
467,30,AP318316,768,North Route,2024-12-11,2024-12-11,Delivered
468,653,AP319886,458,North Route,2021-11-20,2021-11-21,Out for Delivery
469,204,AP315956,208,Port Route,2021-08-20,2021-08-22,Delivered
470,62,AP312674,211,Beach Belt,2025-08-02,2025-08-05,Delivered
471,34,AP315552,614,City Core,2024-03-24,2024-03-29,Delivered
472,612,AP316349,203,Beach Belt,2022-05-18,2022-05-19,Delivered
473,41,AP319741,367,Airport Line,2021-08-15,2021-08-17,Delivered
474,200,AP317391,409,Port Route,2021-08-21,2021-08-23,Out for Delivery
475,524,AP311616,16,Beach Belt,2021-03-13,2021-03-13,Delivered
476,509,AP313178,827,Beach Belt,2023-04-26,2023-04-30,Delivered
477,172,AP316114,819,City Core,2022-09-20,2022-09-23,Failed
478,474,AP311953,374,South Route,2024-04-06,2024-04-06,Delivered
479,816,AP312133,771,City Core,2025-06-16,2025-06-18,Delivered
480,843,AP313670,391,North Route,2024-01-02,2024-01-06,Delivered
481,578,AP319729,278,City Core,2022-05-25,2022-05-26,Delivered
482,554,AP319052,7,Airport Line,2020-10-04,2020-10-09,Out for Delivery
483,500,AP314467,478,Beach Belt,2020-05-28,2020-06-02,Delivered
484,424,AP311246,393,Airport Line,2024-01-20,2024-01-24,Out for Delivery
485,818,AP315175,647,Airport Line,2020-11-03,2020-11-05,Out for Delivery
486,538,AP311186,69,North Route,2025-07-17,2025-07-22,Out for Delivery
487,785,AP314553,418,Port Route,2025-05-26,,Planned
488,796,AP317662,874,City Core,2023-12-14,2023-12-16,Delivered
489,943,AP319046,378,Port Route,2022-11-09,2022-11-13,Delivered
490,219,AP318630,161,City Core,2023-11-25,2023-11-30,Delivered
491,101,AP312640,965,City Core,2024-02-18,2024-02-22,Delivered
492,507,AP312164,843,South Route,2021-01-15,2021-01-20,Delivered
493,661,AP311066,683,Port Route,2021-08-10,2021-08-14,Failed
494,155,AP316602,287,Beach Belt,2021-02-21,2021-02-24,Out for Delivery
495,212,AP319949,668,Port Route,2024-06-26,2024-06-27,Out for Delivery
496,324,AP311819,238,Port Route,2024-01-06,2024-01-08,Delivered
497,871,AP316954,481,Beach Belt,2023-10-17,2023-10-22,Delivered
498,673,AP318288,114,City Core,2022-07-19,,Planned
499,500,AP311447,219,Airport Line,2020-05-28,2020-05-28,Out for Delivery
500,341,AP315881,308,City Core,2020-02-03,,Planned
501,988,AP315779,146,City Core,2025-06-03,2025-06-05,Delivered
502,498,AP318875,649,Port Route,2024-05-10,,Planned
503,304,AP314019,439,Airport Line,2021-05-20,2021-05-20,Out for Delivery
504,520,AP316903,618,Port Route,2024-09-18,2024-09-19,Out for Delivery
505,656,AP319616,167,Port Route,2022-07-01,,Planned
506,294,AP312161,487,City Core,2024-04-09,2024-04-11,Delivered
507,926,AP314704,608,North Route,2025-07-15,2025-07-19,Delivered
508,492,AP319634,822,Beach Belt,2023-03-08,2023-03-11,Delivered
509,478,AP319789,503,Port Route,2022-06-11,2022-06-11,Delivered
510,254,AP317973,741,Port Route,2021-04-01,2021-04-05,Delivered
511,26,AP311336,245,Beach Belt,2021-02-19,,Planned
512,148,AP313966,226,Airport Line,2025-10-22,,Planned
513,203,AP312755,861,City Core,2020-10-25,2020-10-30,Failed
514,477,AP312761,929,Beach Belt,2021-04-30,2021-05-01,Delivered
515,587,AP318065,919,North Route,2021-08-17,2021-08-18,Delivered
516,475,AP316320,225,Port Route,2024-11-09,2024-11-13,Out for Delivery
517,937,AP317479,543,North Route,2023-04-06,,Planned
518,540,AP312020,57,Airport Line,2021-12-13,2021-12-18,Delivered
519,441,AP319783,118,City Core,2025-05-17,,Planned
520,114,AP313156,539,Port Route,2023-04-12,2023-04-13,Delivered
521,335,AP313027,517,Beach Belt,2025-08-26,2025-08-26,Delivered
522,448,AP313498,209,Port Route,2021-10-04,2021-10-06,Delivered
523,321,AP319278,727,South Route,2023-02-05,2023-02-10,Delivered
524,887,AP318850,967,South Route,2025-10-07,2025-10-09,Out for Delivery
525,330,AP318300,916,Port Route,2022-12-25,2022-12-28,Delivered
526,148,AP312874,948,City Core,2025-10-22,2025-10-22,Out for Delivery
527,566,AP311988,805,City Core,2023-05-25,2023-05-29,Delivered
528,172,AP313139,422,City Core,2022-09-20,2022-09-21,Failed
529,59,AP319310,872,Beach Belt,2021-12-09,2021-12-14,Out for Delivery
530,471,AP313486,472,South Route,2025-10-03,2025-10-06,Out for Delivery
531,639,AP317576,7,Port Route,2023-09-01,2023-09-05,Delivered
532,413,AP319475,652,Beach Belt,2025-04-14,2025-04-18,Delivered
533,799,AP315363,826,North Route,2023-04-12,2023-04-14,Delivered
534,830,AP317742,101,North Route,2024-10-21,2024-10-21,Delivered
535,951,AP311907,953,Airport Line,2022-01-16,2022-01-19,Failed
536,162,AP318413,214,North Route,2025-08-30,2025-08-30,Delivered
537,551,AP316867,830,City Core,2024-03-11,2024-03-16,Delivered
538,559,AP316987,629,City Core,2024-07-28,2024-07-29,Out for Delivery
539,125,AP313139,966,Airport Line,2025-06-15,,Planned
540,845,AP312646,445,City Core,2020-12-17,2020-12-21,Delivered
541,916,AP316614,1000,Port Route,2025-01-30,2025-02-02,Delivered
542,643,AP315124,22,South Route,2024-02-04,2024-02-06,Failed
543,794,AP318402,915,City Core,2020-08-08,2020-08-11,Out for Delivery
544,525,AP317800,510,Airport Line,2025-05-07,2025-05-11,Delivered
545,293,AP317234,746,South Route,2021-01-09,2021-01-10,Delivered
546,504,AP316034,896,Beach Belt,2023-11-01,,Planned
547,562,AP311721,583,Airport Line,2021-01-24,2021-01-27,Delivered
548,647,AP317686,206,Airport Line,2024-03-01,2024-03-02,Delivered
549,980,AP314429,576,Port Route,2024-01-02,2024-01-07,Delivered
550,331,AP318934,689,City Core,2020-10-30,2020-10-30,Delivered
551,769,AP317717,380,Port Route,2023-05-03,,Planned
552,217,AP312668,293,Airport Line,2021-06-21,2021-06-22,Delivered
553,475,AP316752,180,City Core,2024-11-09,2024-11-09,Out for Delivery
554,875,AP315714,562,Airport Line,2020-09-30,2020-10-04,Delivered
555,283,AP311473,932,Airport Line,2022-03-31,2022-04-01,Delivered
556,871,AP313488,446,Beach Belt,2023-10-17,,Planned
557,760,AP313539,939,North Route,2024-03-07,2024-03-08,Out for Delivery
558,169,AP314688,701,Port Route,2023-11-01,2023-11-05,Failed
559,9,AP318656,57,South Route,2023-06-11,,Planned
560,880,AP311386,117,City Core,2020-08-26,2020-08-30,Out for Delivery
561,293,AP315733,149,Beach Belt,2021-01-09,2021-01-12,Delivered
562,690,AP316982,431,Beach Belt,2021-05-29,,Planned
563,983,AP316398,836,City Core,2024-02-19,2024-02-20,Delivered
564,476,AP314890,659,North Route,2020-07-05,2020-07-05,Delivered
565,525,AP316851,418,Port Route,2025-05-07,2025-05-10,Out for Delivery
566,440,AP315175,232,North Route,2021-06-11,2021-06-11,Delivered
567,95,AP318152,333,North Route,2024-03-14,2024-03-16,Out for Delivery
568,219,AP316068,355,North Route,2023-11-25,2023-11-25,Delivered
569,788,AP313714,683,South Route,2021-01-09,2021-01-11,Failed
570,996,AP316248,31,Airport Line,2021-06-06,2021-06-07,Failed
571,453,AP319539,542,North Route,2020-04-17,2020-04-18,Delivered
572,334,AP313180,392,City Core,2021-01-02,2021-01-03,Delivered
573,604,AP318577,846,North Route,2024-02-04,2024-02-09,Out for Delivery
574,106,AP318039,823,Port Route,2022-12-04,2022-12-09,Delivered
575,741,AP313604,906,Airport Line,2022-10-16,2022-10-18,Delivered
576,756,AP319329,932,Port Route,2020-05-22,2020-05-27,Delivered
577,42,AP316452,685,Port Route,2021-05-16,2021-05-21,Delivered
578,693,AP319845,598,Airport Line,2025-10-08,2025-10-13,Delivered
579,401,AP317370,141,Beach Belt,2025-03-05,2025-03-05,Delivered
580,261,AP319456,225,Port Route,2024-08-10,2024-08-14,Out for Delivery
581,211,AP313978,340,Airport Line,2022-12-29,2023-01-02,Delivered
582,799,AP317626,748,North Route,2023-04-12,2023-04-13,Delivered
583,787,AP312328,49,North Route,2024-02-15,2024-02-20,Failed
584,549,AP316391,810,Beach Belt,2021-06-28,2021-06-30,Out for Delivery
585,834,AP315386,447,City Core,2020-06-04,,Planned
586,762,AP312128,135,South Route,2024-03-28,2024-04-01,Delivered
587,805,AP317125,529,South Route,2021-06-24,,Planned
588,582,AP316948,696,City Core,2025-10-12,2025-10-15,Delivered
589,25,AP314714,990,South Route,2024-08-17,,Planned
590,460,AP313712,478,Port Route,2023-02-10,2023-02-15,Delivered
591,105,AP311097,247,City Core,2024-04-22,2024-04-22,Delivered
592,602,AP318406,938,North Route,2023-12-26,,Planned
593,529,AP313404,351,Airport Line,2025-01-19,2025-01-24,Out for Delivery
594,956,AP317288,452,South Route,2022-10-22,2022-10-22,Delivered
595,103,AP314784,776,Port Route,2023-12-29,2024-01-01,Out for Delivery
596,55,AP315183,803,Port Route,2021-10-10,2021-10-12,Delivered
597,541,AP311623,372,North Route,2024-09-07,,Planned
598,585,AP312715,612,South Route,2021-02-05,,Planned
599,182,AP313462,65,South Route,2023-07-25,2023-07-27,Out for Delivery
600,59,AP318855,226,North Route,2021-12-09,2021-12-12,Delivered
601,586,AP319210,578,Port Route,2021-10-11,2021-10-12,Out for Delivery
602,935,AP317302,928,City Core,2023-10-10,2023-10-10,Delivered
603,266,AP319225,861,Beach Belt,2022-05-23,2022-05-27,Delivered
604,297,AP317519,892,Airport Line,2024-04-15,2024-04-20,Out for Delivery
605,270,AP314254,27,South Route,2022-03-27,2022-04-01,Delivered
606,835,AP312459,879,Beach Belt,2024-04-14,2024-04-15,Out for Delivery
607,754,AP316106,921,South Route,2021-05-24,,Planned
608,602,AP314106,811,North Route,2023-12-26,2023-12-27,Out for Delivery
609,44,AP316465,212,Beach Belt,2021-07-23,2021-07-25,Delivered
610,716,AP318885,356,Airport Line,2022-05-13,2022-05-15,Delivered
611,473,AP316959,404,South Route,2023-05-11,2023-05-15,Out for Delivery
612,219,AP318782,373,South Route,2023-11-25,2023-11-26,Out for Delivery
613,167,AP312866,628,Beach Belt,2022-10-21,2022-10-26,Delivered
614,577,AP316916,482,South Route,2022-06-15,2022-06-19,Delivered
615,154,AP319206,999,Port Route,2021-10-28,2021-11-02,Delivered
616,168,AP317949,155,North Route,2020-02-09,2020-02-09,Delivered
617,930,AP313525,94,North Route,2022-01-16,2022-01-19,Delivered
618,468,AP315872,628,Airport Line,2023-12-28,,Planned
619,42,AP316154,709,City Core,2021-05-16,2021-05-21,Delivered
620,755,AP313173,80,South Route,2020-12-01,2020-12-04,Delivered
621,46,AP315585,437,City Core,2021-01-26,2021-01-31,Delivered
622,941,AP312607,544,City Core,2020-03-30,2020-04-04,Failed
623,867,AP317698,226,Port Route,2022-10-29,2022-10-29,Delivered
624,377,AP316834,619,North Route,2020-06-29,,Planned
625,414,AP311503,501,South Route,2023-09-09,2023-09-14,Failed
626,436,AP311656,874,South Route,2024-09-24,2024-09-24,Delivered
627,544,AP319947,888,South Route,2024-12-12,2024-12-16,Failed
628,56,AP311461,45,Airport Line,2022-11-16,2022-11-16,Delivered
629,554,AP311377,23,North Route,2020-10-04,2020-10-07,Delivered
630,69,AP319617,276,City Core,2025-06-29,2025-06-29,Delivered
631,686,AP314267,598,North Route,2025-09-11,2025-09-13,Delivered
632,428,AP311225,644,Port Route,2021-09-26,2021-09-26,Delivered
633,248,AP314443,800,Beach Belt,2021-05-11,2021-05-13,Out for Delivery
634,505,AP311752,720,South Route,2025-08-12,,Planned
635,445,AP316762,385,Airport Line,2022-06-05,2022-06-07,Delivered
636,153,AP319128,408,North Route,2021-02-23,2021-02-23,Delivered
637,553,AP313840,794,City Core,2025-08-26,2025-08-30,Delivered
638,443,AP313150,170,Port Route,2024-02-20,2024-02-25,Delivered
639,64,AP313680,475,City Core,2024-05-07,2024-05-10,Delivered
640,635,AP318671,344,Port Route,2025-09-10,2025-09-15,Delivered
641,8,AP315442,27,Beach Belt,2020-07-24,2020-07-24,Delivered
642,419,AP311572,827,Airport Line,2021-11-26,2021-11-29,Delivered
643,682,AP311751,166,City Core,2025-01-03,2025-01-06,Out for Delivery
644,918,AP311039,682,Airport Line,2022-01-17,2022-01-18,Delivered
645,974,AP315387,930,South Route,2022-01-17,2022-01-22,Delivered
646,580,AP313679,802,City Core,2022-04-21,2022-04-23,Delivered
647,929,AP313177,629,North Route,2021-04-16,2021-04-21,Delivered
648,269,AP318718,920,South Route,2020-02-01,2020-02-04,Out for Delivery
649,275,AP312258,919,Airport Line,2021-06-26,2021-06-30,Delivered
650,609,AP312449,444,Port Route,2020-11-22,2020-11-26,Delivered
651,826,AP312240,678,Airport Line,2025-02-22,2025-02-24,Delivered
652,288,AP315501,193,Airport Line,2025-02-18,2025-02-19,Delivered
653,14,AP315028,160,City Core,2021-05-13,,Planned
654,215,AP319338,206,South Route,2022-04-25,2022-04-27,Delivered
655,846,AP318083,572,North Route,2020-01-16,2020-01-16,Delivered
656,921,AP314335,679,North Route,2022-04-02,2022-04-06,Out for Delivery
657,347,AP316595,725,Port Route,2023-09-10,2023-09-12,Out for Delivery
658,571,AP315086,741,Port Route,2022-02-12,2022-02-13,Failed
659,935,AP312147,589,Beach Belt,2023-10-10,2023-10-10,Delivered
660,501,AP312566,974,Beach Belt,2024-05-04,2024-05-06,Out for Delivery
661,158,AP313343,590,City Core,2024-01-25,2024-01-27,Out for Delivery
662,259,AP316177,791,Beach Belt,2023-09-07,2023-09-10,Out for Delivery
663,605,AP318023,331,South Route,2020-06-17,2020-06-22,Delivered
664,792,AP319732,700,City Core,2022-12-29,2022-12-29,Out for Delivery
665,474,AP312244,296,Airport Line,2024-04-06,2024-04-10,Out for Delivery
666,537,AP311090,798,North Route,2025-06-20,2025-06-24,Out for Delivery
667,696,AP316302,299,Beach Belt,2025-09-24,2025-09-25,Out for Delivery
668,335,AP314477,248,Airport Line,2025-08-26,2025-08-27,Out for Delivery
669,112,AP315414,80,Beach Belt,2021-12-01,2021-12-02,Delivered
670,707,AP315789,249,North Route,2023-01-20,2023-01-25,Delivered
671,691,AP311268,639,North Route,2020-04-20,2020-04-23,Out for Delivery
672,259,AP315713,74,North Route,2023-09-07,2023-09-12,Delivered
673,176,AP317133,282,Port Route,2022-10-16,2022-10-21,Out for Delivery
674,426,AP311945,939,Port Route,2021-06-30,2021-07-05,Delivered
675,294,AP318418,393,Airport Line,2024-04-09,2024-04-14,Out for Delivery
676,246,AP311151,785,South Route,2022-06-14,2022-06-15,Delivered
677,967,AP311205,290,Beach Belt,2023-11-26,2023-12-01,Delivered
678,400,AP311706,933,Port Route,2024-04-10,,Planned
679,75,AP318294,810,South Route,2021-11-10,2021-11-12,Failed
680,575,AP313643,742,North Route,2021-08-14,2021-08-15,Failed
681,397,AP312286,404,City Core,2021-10-04,2021-10-06,Out for Delivery
682,393,AP313371,866,South Route,2024-01-25,2024-01-26,Delivered
683,434,AP319197,521,North Route,2023-04-19,2023-04-19,Delivered
684,340,AP316257,202,South Route,2021-03-29,,Planned
685,339,AP318475,620,North Route,2022-05-19,2022-05-22,Delivered
686,748,AP319431,799,South Route,2022-07-05,,Planned
687,377,AP316598,336,Beach Belt,2020-06-29,2020-07-01,Delivered
688,379,AP318559,735,North Route,2021-12-08,2021-12-09,Delivered
689,25,AP316658,6,Airport Line,2024-08-17,2024-08-22,Delivered
690,826,AP317940,262,City Core,2025-02-22,2025-02-23,Out for Delivery
691,66,AP313971,107,South Route,2025-02-04,2025-02-07,Delivered
692,939,AP311824,178,Airport Line,2021-12-05,2021-12-08,Delivered
693,854,AP314713,641,North Route,2021-09-14,2021-09-15,Delivered
694,993,AP314594,130,Port Route,2023-04-25,2023-04-28,Delivered
695,473,AP319116,829,City Core,2023-05-11,2023-05-16,Delivered
696,807,AP315373,371,North Route,2025-02-11,2025-02-12,Delivered
697,49,AP317672,420,Airport Line,2025-06-06,2025-06-07,Delivered
698,828,AP316491,408,North Route,2020-11-26,2020-11-27,Out for Delivery
699,127,AP315723,589,Airport Line,2021-11-21,2021-11-24,Out for Delivery
700,682,AP317398,715,Port Route,2025-01-03,2025-01-06,Delivered
701,991,AP312252,382,Airport Line,2025-04-18,2025-04-21,Delivered
702,353,AP314822,190,North Route,2020-08-22,2020-08-23,Out for Delivery
703,858,AP313626,840,City Core,2022-08-07,2022-08-07,Delivered
704,853,AP313956,192,South Route,2025-09-13,2025-09-15,Delivered
705,420,AP311147,380,Beach Belt,2023-09-22,2023-09-23,Delivered
706,742,AP318447,975,Beach Belt,2023-12-27,2023-12-27,Delivered
707,566,AP313594,4,South Route,2023-05-25,2023-05-29,Failed
708,768,AP318520,570,Beach Belt,2024-02-16,2024-02-18,Failed
709,801,AP314051,329,Beach Belt,2020-09-28,2020-09-29,Delivered
710,462,AP315225,181,City Core,2022-05-07,,Planned
711,841,AP312134,903,Airport Line,2021-09-11,,Planned
712,974,AP318409,517,North Route,2022-01-17,2022-01-17,Delivered
713,205,AP311208,640,Beach Belt,2023-01-18,2023-01-19,Delivered
714,846,AP315724,173,Beach Belt,2020-01-16,,Planned
715,950,AP312940,423,Airport Line,2024-12-13,2024-12-16,Out for Delivery
716,590,AP312094,344,City Core,2020-09-28,2020-10-02,Delivered
717,977,AP318887,433,South Route,2020-07-22,2020-07-23,Out for Delivery
718,468,AP319117,498,South Route,2023-12-28,2023-12-31,Delivered
719,453,AP318031,215,Airport Line,2020-04-17,2020-04-17,Delivered
720,817,AP319127,175,Beach Belt,2021-12-30,2022-01-03,Out for Delivery
721,412,AP318027,534,City Core,2023-02-28,2023-03-02,Out for Delivery
722,193,AP314965,116,Airport Line,2020-06-16,2020-06-18,Delivered
723,943,AP312121,490,Beach Belt,2022-11-09,2022-11-13,Delivered
724,229,AP316809,786,North Route,2023-04-22,2023-04-23,Out for Delivery
725,494,AP319638,309,Port Route,2023-06-07,2023-06-11,Delivered
726,208,AP312130,414,North Route,2024-08-19,2024-08-19,Delivered
727,422,AP319689,542,North Route,2021-01-23,2021-01-23,Delivered
728,432,AP318288,694,City Core,2022-07-29,2022-08-02,Delivered
729,225,AP319355,327,North Route,2020-06-13,2020-06-15,Delivered
730,222,AP312011,832,Airport Line,2021-11-01,2021-11-02,Delivered
731,542,AP314045,669,City Core,2022-01-24,2022-01-24,Delivered
732,243,AP319924,615,North Route,2022-01-18,2022-01-19,Delivered
733,116,AP318745,50,South Route,2022-02-05,,Planned
734,300,AP319826,542,Beach Belt,2024-04-08,2024-04-12,Delivered
735,4,AP317563,307,North Route,2025-03-04,2025-03-05,Delivered
736,792,AP314897,788,Airport Line,2022-12-29,2022-12-31,Delivered
737,316,AP319538,3,Beach Belt,2021-11-08,2021-11-08,Delivered
738,240,AP317090,411,Beach Belt,2020-01-15,2020-01-20,Delivered
739,467,AP316608,369,South Route,2024-04-28,2024-05-03,Delivered
740,317,AP319218,788,Port Route,2020-09-30,2020-10-04,Delivered
741,420,AP314226,84,South Route,2023-09-22,2023-09-22,Delivered
742,791,AP316211,677,Port Route,2022-01-25,2022-01-26,Out for Delivery
743,587,AP316735,568,City Core,2021-08-17,2021-08-19,Delivered
744,611,AP311726,589,City Core,2021-05-04,2021-05-06,Delivered
745,542,AP319189,188,City Core,2022-01-24,2022-01-24,Out for Delivery
746,176,AP311249,911,Beach Belt,2022-10-16,2022-10-19,Out for Delivery
747,118,AP311189,338,Port Route,2023-01-12,2023-01-12,Delivered
748,339,AP312257,280,Airport Line,2022-05-19,2022-05-24,Delivered
749,605,AP317753,430,Port Route,2020-06-17,,Planned
750,831,AP319751,650,South Route,2021-10-05,2021-10-07,Delivered
751,366,AP319510,20,South Route,2021-04-30,2021-05-04,Delivered
752,676,AP315983,444,Port Route,2020-12-31,2021-01-02,Out for Delivery
753,229,AP317747,201,City Core,2023-04-22,2023-04-25,Delivered
754,963,AP315866,433,Port Route,2022-02-24,2022-03-01,Out for Delivery
755,982,AP314309,559,Beach Belt,2022-04-29,2022-04-30,Out for Delivery
756,658,AP313152,182,Port Route,2024-01-05,2024-01-05,Delivered
757,467,AP314824,360,Port Route,2024-04-28,2024-04-28,Out for Delivery
758,376,AP313097,280,Airport Line,2023-05-13,2023-05-14,Delivered
759,354,AP315551,826,Airport Line,2024-10-28,2024-11-02,Delivered
760,63,AP311408,652,Airport Line,2022-07-04,2022-07-04,Out for Delivery
761,501,AP313121,832,City Core,2024-05-04,2024-05-04,Delivered
762,771,AP316803,246,City Core,2021-02-27,,Planned
763,36,AP317911,875,Airport Line,2023-02-16,2023-02-16,Delivered
764,284,AP312263,107,Beach Belt,2021-12-02,2021-12-02,Delivered
765,296,AP318712,58,Beach Belt,2023-11-30,2023-12-02,Out for Delivery
766,1,AP316285,667,Airport Line,2024-11-23,2024-11-28,Out for Delivery
767,694,AP318203,865,City Core,2024-09-26,2024-09-30,Delivered
768,510,AP319169,357,Beach Belt,2023-09-08,2023-09-10,Delivered
769,274,AP313906,659,Airport Line,2020-03-27,,Planned
770,666,AP311376,276,North Route,2021-12-06,2021-12-09,Out for Delivery
771,886,AP316747,123,City Core,2021-03-07,2021-03-10,Out for Delivery
772,762,AP317377,312,Port Route,2024-03-28,2024-03-29,Delivered
773,204,AP315133,690,South Route,2021-08-20,2021-08-20,Delivered
774,717,AP316896,404,Beach Belt,2025-05-31,2025-06-03,Delivered
775,420,AP318008,437,Beach Belt,2023-09-22,2023-09-25,Out for Delivery
776,626,AP318922,899,Port Route,2020-07-01,,Planned
777,128,AP311694,214,Port Route,2021-09-29,2021-10-01,Delivered
778,712,AP318459,508,North Route,2024-09-06,2024-09-09,Delivered
779,208,AP313664,954,Airport Line,2024-08-19,2024-08-22,Delivered
780,844,AP311718,9,City Core,2021-07-28,2021-08-02,Delivered
781,126,AP317791,468,City Core,2022-05-21,2022-05-23,Out for Delivery
782,421,AP317636,707,Port Route,2021-03-22,2021-03-27,Delivered
783,375,AP313553,818,North Route,2021-01-30,2021-02-04,Out for Delivery
784,930,AP315304,382,North Route,2022-01-16,2022-01-19,Delivered
785,596,AP312432,316,Airport Line,2025-07-27,2025-07-30,Delivered
786,691,AP318154,108,Airport Line,2020-04-20,2020-04-25,Delivered
787,667,AP318210,59,South Route,2024-03-18,2024-03-22,Out for Delivery
788,221,AP314145,835,Beach Belt,2022-05-21,,Planned
789,658,AP316093,446,Port Route,2024-01-05,2024-01-09,Out for Delivery
790,460,AP311258,96,Port Route,2023-02-10,2023-02-12,Delivered
791,571,AP311005,168,North Route,2022-02-12,2022-02-17,Delivered
792,730,AP313788,244,Port Route,2024-06-27,2024-06-27,Delivered
793,753,AP318754,58,Beach Belt,2024-04-28,,Planned
794,798,AP317397,940,City Core,2023-10-14,2023-10-15,Delivered
795,198,AP317852,717,South Route,2020-02-15,2020-02-18,Delivered
796,857,AP313030,95,South Route,2021-07-05,2021-07-09,Delivered
797,144,AP312880,316,City Core,2025-09-22,2025-09-24,Out for Delivery
798,820,AP318969,968,Port Route,2021-12-20,2021-12-21,Out for Delivery
799,466,AP316882,938,South Route,2021-12-03,2021-12-03,Failed
800,543,AP311047,653,North Route,2021-10-21,2021-10-26,Failed
801,146,AP311994,491,Beach Belt,2025-01-01,2025-01-06,Delivered
802,126,AP317551,299,City Core,2022-05-21,2022-05-24,Out for Delivery
803,493,AP316424,146,Beach Belt,2023-03-06,2023-03-06,Delivered
804,926,AP313134,951,Airport Line,2025-07-15,,Planned
805,138,AP311886,590,North Route,2025-04-28,2025-05-02,Delivered
806,201,AP311914,813,South Route,2025-02-22,2025-02-26,Failed
807,121,AP314426,459,South Route,2021-09-06,2021-09-10,Delivered
808,244,AP313823,816,Port Route,2025-02-01,2025-02-03,Out for Delivery
809,944,AP319395,74,Beach Belt,2024-09-15,2024-09-18,Delivered
810,159,AP315241,573,City Core,2021-01-10,2021-01-14,Out for Delivery
811,756,AP313001,855,North Route,2020-05-22,2020-05-26,Failed
812,970,AP311441,770,North Route,2023-02-23,2023-02-24,Out for Delivery
813,610,AP314877,318,Beach Belt,2022-02-21,2022-02-22,Delivered
814,961,AP315457,490,North Route,2023-03-22,2023-03-22,Delivered
815,833,AP312666,541,Airport Line,2020-04-29,2020-05-01,Out for Delivery
816,985,AP311544,730,City Core,2024-10-29,2024-10-29,Out for Delivery
817,854,AP314999,615,South Route,2021-09-14,2021-09-18,Delivered
818,92,AP312088,364,City Core,2025-05-20,2025-05-21,Delivered
819,569,AP315639,595,Beach Belt,2023-10-14,,Planned
820,6,AP313754,429,South Route,2021-10-11,2021-10-16,Out for Delivery
821,329,AP311155,1,North Route,2022-07-18,2022-07-21,Out for Delivery
822,238,AP315228,582,Airport Line,2025-05-15,2025-05-17,Delivered
823,27,AP319971,522,Port Route,2022-02-27,2022-03-04,Delivered
824,962,AP314354,437,Airport Line,2025-06-13,2025-06-18,Delivered
825,814,AP312248,765,Port Route,2023-02-14,2023-02-15,Delivered
826,820,AP311940,511,Airport Line,2021-12-20,2021-12-24,Delivered
827,998,AP318716,7,Beach Belt,2021-12-04,2021-12-04,Delivered
828,761,AP318283,990,Beach Belt,2023-04-28,2023-05-03,Delivered
829,203,AP318503,157,South Route,2020-10-25,2020-10-26,Delivered
830,712,AP312973,404,South Route,2024-09-06,,Planned
831,963,AP315181,813,North Route,2022-02-24,2022-02-27,Out for Delivery
832,694,AP314589,162,South Route,2024-09-26,,Planned
833,68,AP316993,435,City Core,2021-12-07,2021-12-09,Delivered
834,388,AP319754,631,Airport Line,2022-12-23,,Planned
835,435,AP311486,471,City Core,2022-06-16,2022-06-21,Delivered
836,760,AP313742,745,Airport Line,2024-03-07,2024-03-11,Delivered
837,391,AP316790,674,Airport Line,2020-07-31,2020-08-03,Delivered
838,666,AP311452,581,North Route,2021-12-06,2021-12-06,Out for Delivery
839,463,AP313632,157,North Route,2022-05-26,2022-05-27,Delivered
840,641,AP313836,694,Airport Line,2020-11-29,2020-11-29,Failed
841,855,AP312107,291,Beach Belt,2020-04-04,2020-04-06,Delivered
842,455,AP312156,696,City Core,2024-06-03,2024-06-05,Delivered
843,831,AP314067,617,South Route,2021-10-05,2021-10-08,Out for Delivery
844,737,AP314644,528,Port Route,2024-12-16,,Planned
845,325,AP319621,512,City Core,2024-03-24,2024-03-29,Failed
846,705,AP319811,778,Airport Line,2025-06-01,2025-06-04,Delivered
847,21,AP319725,188,South Route,2022-04-10,2022-04-13,Delivered
848,250,AP317785,648,Port Route,2022-02-17,2022-02-19,Delivered
849,812,AP312477,614,North Route,2022-12-27,2022-12-31,Failed
850,816,AP319297,498,Airport Line,2025-06-16,2025-06-16,Delivered
851,29,AP316321,306,City Core,2023-07-20,2023-07-24,Delivered
852,146,AP314382,789,Airport Line,2025-01-01,2025-01-05,Out for Delivery
853,697,AP312865,232,Beach Belt,2025-05-05,2025-05-09,Out for Delivery
854,373,AP315918,326,Beach Belt,2022-11-13,2022-11-18,Delivered
855,969,AP318749,773,South Route,2022-09-06,2022-09-11,Out for Delivery
856,80,AP319720,455,Airport Line,2025-09-03,2025-09-04,Delivered
857,577,AP312178,853,Beach Belt,2022-06-15,2022-06-15,Delivered
858,712,AP314670,960,Beach Belt,2024-09-06,,Planned
859,419,AP315886,49,Airport Line,2021-11-26,2021-12-01,Delivered
860,525,AP319104,398,Port Route,2025-05-07,2025-05-11,Delivered
861,837,AP312791,940,Airport Line,2024-09-25,2024-09-28,Delivered
862,58,AP312990,44,North Route,2021-03-02,2021-03-02,Failed
863,12,AP313300,879,South Route,2025-08-30,2025-09-03,Delivered
864,725,AP314047,574,Beach Belt,2020-02-09,,Planned
865,928,AP315547,554,Beach Belt,2020-05-02,2020-05-04,Delivered
866,455,AP316531,714,Airport Line,2024-06-03,2024-06-04,Delivered
867,221,AP319099,855,Airport Line,2022-05-21,2022-05-25,Delivered
868,777,AP317934,603,Port Route,2021-12-22,2021-12-25,Delivered
869,16,AP316742,671,North Route,2023-08-23,2023-08-26,Delivered
870,59,AP315408,592,North Route,2021-12-09,2021-12-09,Delivered
871,1000,AP316703,344,South Route,2024-01-24,2024-01-27,Delivered
872,9,AP317338,466,South Route,2023-06-11,2023-06-15,Delivered
873,550,AP318732,32,Port Route,2022-07-02,2022-07-04,Delivered
874,780,AP319859,168,Beach Belt,2021-10-08,2021-10-13,Delivered
875,782,AP316281,387,South Route,2023-09-17,2023-09-21,Delivered
876,776,AP312314,579,Port Route,2023-09-25,2023-09-25,Delivered
877,760,AP318924,8,City Core,2024-03-07,2024-03-09,Delivered
878,789,AP311350,47,City Core,2025-07-16,2025-07-20,Delivered
879,34,AP311995,522,Airport Line,2024-03-24,2024-03-25,Failed
880,818,AP319194,491,South Route,2020-11-03,2020-11-06,Delivered
881,62,AP311757,51,South Route,2025-08-02,2025-08-05,Failed
882,971,AP319866,569,North Route,2021-12-23,2021-12-26,Delivered
883,226,AP318608,613,City Core,2023-09-17,2023-09-17,Out for Delivery
884,263,AP311540,465,Beach Belt,2023-12-09,2023-12-11,Delivered
885,335,AP316655,162,City Core,2025-08-26,2025-08-30,Out for Delivery
886,149,AP315063,204,City Core,2021-10-28,2021-11-02,Out for Delivery
887,104,AP316263,139,City Core,2024-05-10,,Planned
888,433,AP312592,435,Beach Belt,2020-07-11,,Planned
889,337,AP314983,186,City Core,2020-01-15,,Planned
890,942,AP312044,298,Beach Belt,2022-07-11,2022-07-12,Delivered
891,675,AP317077,609,City Core,2024-10-29,,Planned
892,544,AP317626,787,North Route,2024-12-12,2024-12-12,Delivered
893,594,AP315034,913,Port Route,2023-08-01,2023-08-04,Delivered
894,415,AP318909,375,City Core,2020-02-24,2020-02-24,Out for Delivery
895,198,AP313183,755,Port Route,2020-02-15,2020-02-19,Delivered
896,635,AP311256,35,South Route,2025-09-10,2025-09-15,Out for Delivery
897,671,AP317847,138,Beach Belt,2021-06-07,,Planned
898,940,AP315182,908,Beach Belt,2022-08-20,2022-08-20,Delivered
899,349,AP316439,517,Port Route,2020-06-20,2020-06-21,Out for Delivery
900,317,AP311829,11,Port Route,2020-09-30,2020-10-05,Out for Delivery
901,557,AP316319,575,Airport Line,2025-01-07,2025-01-09,Failed
902,174,AP317048,626,Port Route,2020-10-12,2020-10-13,Delivered
903,536,AP319720,952,City Core,2021-04-15,2021-04-19,Delivered
904,707,AP316212,361,Port Route,2023-01-20,2023-01-22,Delivered
905,759,AP317613,730,South Route,2025-05-18,2025-05-19,Out for Delivery
906,1000,AP319884,154,Beach Belt,2024-01-24,,Planned
907,703,AP319793,888,South Route,2022-12-21,2022-12-26,Out for Delivery
908,89,AP315599,573,North Route,2022-05-04,2022-05-08,Delivered
909,699,AP318644,711,South Route,2020-12-06,2020-12-11,Delivered
910,800,AP311610,253,South Route,2021-02-11,2021-02-11,Delivered
911,729,AP315875,253,Airport Line,2023-06-20,2023-06-24,Delivered
912,165,AP315299,97,Port Route,2024-11-14,2024-11-16,Delivered
913,378,AP316233,582,South Route,2020-09-26,2020-09-29,Failed
914,158,AP316558,130,Beach Belt,2024-01-25,2024-01-26,Delivered
915,321,AP316552,840,City Core,2023-02-05,2023-02-08,Delivered
916,878,AP311897,316,South Route,2021-01-09,2021-01-13,Delivered
917,904,AP315369,916,Airport Line,2023-05-10,,Planned
918,759,AP314058,768,North Route,2025-05-18,2025-05-22,Delivered
919,795,AP311433,699,South Route,2025-10-26,2025-10-30,Delivered
920,564,AP312487,21,Airport Line,2020-05-05,2020-05-09,Delivered
921,64,AP311981,731,Port Route,2024-05-07,2024-05-12,Delivered
922,576,AP315472,542,North Route,2022-10-02,2022-10-03,Delivered
923,879,AP311376,11,South Route,2025-03-23,,Planned
924,911,AP318137,863,North Route,2020-11-15,2020-11-20,Delivered
925,400,AP316369,728,Airport Line,2024-04-10,2024-04-14,Delivered
926,609,AP316584,665,City Core,2020-11-22,2020-11-23,Delivered
927,413,AP319122,828,Airport Line,2025-04-14,2025-04-19,Delivered
928,733,AP311045,543,North Route,2024-10-25,2024-10-29,Delivered
929,336,AP319837,228,Airport Line,2021-08-16,2021-08-17,Delivered
930,977,AP314469,836,South Route,2020-07-22,2020-07-24,Out for Delivery
931,675,AP318584,183,South Route,2024-10-29,,Planned
932,354,AP315748,986,City Core,2024-10-28,2024-11-01,Delivered
933,416,AP317284,60,Beach Belt,2023-12-04,2023-12-09,Out for Delivery
934,131,AP318596,101,North Route,2025-05-06,2025-05-06,Delivered
935,592,AP314927,232,North Route,2020-12-05,2020-12-05,Delivered
936,148,AP316793,575,City Core,2025-10-22,2025-10-23,Delivered
937,662,AP316438,526,Airport Line,2020-01-02,2020-01-04,Delivered
938,187,AP312551,871,Port Route,2022-06-05,2022-06-10,Delivered
939,343,AP317722,892,Port Route,2025-10-25,,Planned
940,588,AP316574,262,Port Route,2025-04-03,,Planned
941,742,AP316768,638,South Route,2023-12-27,2023-12-30,Delivered
942,913,AP313386,328,North Route,2023-03-17,2023-03-18,Delivered
943,871,AP317911,409,Beach Belt,2023-10-17,2023-10-18,Out for Delivery
944,126,AP312295,51,Beach Belt,2022-05-21,2022-05-25,Out for Delivery
945,985,AP314829,325,Beach Belt,2024-10-29,2024-10-31,Out for Delivery
946,347,AP319006,387,Port Route,2023-09-10,2023-09-13,Delivered
947,142,AP312888,401,North Route,2024-09-07,2024-09-12,Delivered
948,693,AP316082,628,City Core,2025-10-08,2025-10-12,Delivered
949,928,AP312976,692,Port Route,2020-05-02,2020-05-04,Out for Delivery
950,198,AP319469,327,South Route,2020-02-15,2020-02-20,Delivered
951,939,AP311476,363,City Core,2021-12-05,2021-12-09,Out for Delivery
952,362,AP317543,58,Beach Belt,2024-10-30,2024-11-03,Failed
953,902,AP319831,831,North Route,2023-10-24,,Planned
954,884,AP314461,251,South Route,2020-09-13,2020-09-17,Delivered
955,761,AP314677,102,Port Route,2023-04-28,2023-05-01,Delivered
956,413,AP315751,321,City Core,2025-04-14,2025-04-17,Delivered
957,123,AP312665,449,City Core,2025-08-03,2025-08-08,Delivered
958,950,AP314475,712,City Core,2024-12-13,2024-12-17,Delivered
959,395,AP311016,812,City Core,2025-09-13,2025-09-16,Delivered
960,466,AP317503,876,Beach Belt,2021-12-03,2021-12-04,Delivered
961,257,AP315962,139,North Route,2020-05-07,2020-05-08,Delivered
962,830,AP319634,738,City Core,2024-10-21,2024-10-21,Out for Delivery
963,884,AP318313,814,South Route,2020-09-13,2020-09-18,Out for Delivery
964,444,AP315597,145,South Route,2020-11-15,2020-11-15,Delivered
965,29,AP312531,576,Port Route,2023-07-20,2023-07-22,Out for Delivery
966,96,AP318657,818,Port Route,2022-05-28,2022-05-28,Delivered
967,282,AP318127,851,City Core,2025-03-20,2025-03-24,Out for Delivery
968,890,AP313131,78,City Core,2025-03-10,2025-03-15,Delivered
969,678,AP313554,662,City Core,2023-09-11,2023-09-13,Delivered
970,218,AP314825,783,City Core,2023-04-19,2023-04-23,Delivered
971,495,AP316753,475,Airport Line,2020-05-03,2020-05-06,Delivered
972,197,AP315785,523,North Route,2023-11-06,2023-11-06,Delivered
973,596,AP311055,521,Port Route,2025-07-27,2025-07-30,Delivered
974,722,AP316867,82,Port Route,2022-10-24,2022-10-25,Delivered
975,323,AP311346,901,City Core,2022-06-29,2022-07-01,Delivered
976,82,AP317649,880,South Route,2022-02-15,2022-02-20,Delivered
977,876,AP315420,655,North Route,2024-11-25,,Planned
978,338,AP314960,999,Beach Belt,2020-05-08,2020-05-13,Delivered
979,822,AP312210,208,South Route,2022-12-06,,Planned
980,437,AP316302,587,City Core,2024-08-12,2024-08-12,Delivered
981,884,AP311142,269,North Route,2020-09-13,2020-09-13,Delivered
982,918,AP313608,317,Airport Line,2022-01-17,2022-01-22,Out for Delivery
983,26,AP318328,877,Airport Line,2021-02-19,2021-02-20,Out for Delivery
984,253,AP313750,801,North Route,2021-08-06,2021-08-09,Out for Delivery
985,231,AP318355,226,Port Route,2023-12-27,2023-12-29,Delivered
986,40,AP313268,746,City Core,2023-12-15,2023-12-18,Out for Delivery
987,125,AP313080,936,City Core,2025-06-15,2025-06-19,Out for Delivery
988,577,AP313992,137,Airport Line,2022-06-15,2022-06-18,Failed
989,823,AP318293,728,Port Route,2021-04-21,2021-04-22,Delivered
990,534,AP316365,212,Beach Belt,2024-08-11,2024-08-16,Delivered
991,610,AP314176,408,City Core,2022-02-21,2022-02-23,Failed
992,300,AP315743,711,Port Route,2024-04-08,2024-04-11,Delivered
993,908,AP313446,735,City Core,2023-11-18,2023-11-18,Delivered
994,243,AP318360,46,Beach Belt,2022-01-18,2022-01-23,Failed
995,948,AP315135,152,South Route,2023-03-30,2023-04-02,Out for Delivery
996,687,AP314461,555,Airport Line,2025-03-06,2025-03-10,Delivered
997,606,AP315959,992,Airport Line,2022-09-22,2022-09-24,Out for Delivery
998,481,AP313429,403,City Core,2025-03-16,2025-03-18,Delivered
999,619,AP318546,207,South Route,2021-12-03,,Planned
1000,127,AP315521,447,North Route,2021-11-21,2021-11-25,Out for Delivery
