OrderID,OrderDateTime,CustomerID,BranchID,EmployeeID,PaymentTerms,OrderStatus
1,2024-11-23 22:41:46,21,928,525,COD,Returned
2,2024-05-08 11:17:27,512,939,739,Net 7,Packed
3,2025-07-28 08:54:03,276,494,546,Net 7,Delivered
4,2025-03-04 21:15:56,656,181,435,Net 30,Confirmed
5,2023-03-08 22:11:28,129,226,637,COD,Placed
6,2021-10-11 05:45:12,906,510,899,Net 7,Delivered
7,2025-10-06 12:44:15,962,749,284,COD,Confirmed
8,2020-07-24 23:57:36,922,623,605,Net 15,Packed
9,2023-06-11 02:17:21,553,125,203,Net 30,Out for Delivery
10,2020-10-21 11:05:47,549,424,710,Net 30,Confirmed
11,2023-07-06 00:02:16,972,755,683,Net 7,Placed
12,2025-08-30 18:38:25,824,297,576,Net 7,Confirmed
13,2022-11-21 14:03:44,967,315,929,Net 30,Placed
14,2021-05-13 16:50:30,953,469,436,Net 30,Delivered
15,2020-09-10 04:51:25,708,451,433,Net 7,Cancelled
16,2023-08-23 08:05:12,948,984,506,Net 30,Packed
17,2020-06-07 13:38:37,843,358,517,COD,Packed
18,2024-12-29 11:41:48,842,170,957,Net 15,Packed
19,2023-06-25 19:15:31,814,291,23,Net 7,Placed
20,2022-04-02 10:44:39,273,868,644,Net 30,Delivered
21,2022-04-10 10:13:14,561,79,437,Net 15,Cancelled
22,2021-05-08 08:06:47,12,361,66,Net 15,Returned
23,2020-04-13 02:38:54,419,994,494,COD,Delivered
24,2023-05-31 18:54:51,290,212,883,COD,Packed
25,2024-08-17 02:32:55,594,834,62,Net 15,Confirmed
26,2021-02-19 23:45:15,53,826,159,COD,Out for Delivery
27,2022-02-27 16:26:59,408,901,641,Net 7,Returned
28,2024-04-25 09:40:03,954,722,371,COD,Cancelled
29,2023-07-20 08:16:59,832,869,435,Net 15,Delivered
30,2024-12-11 03:24:15,646,809,218,Net 15,Confirmed
31,2022-03-08 07:14:00,538,568,46,COD,Returned
32,2022-06-27 03:04:23,390,590,566,Net 15,Out for Delivery
33,2023-02-02 01:38:03,491,490,787,Net 15,Confirmed
34,2024-03-24 08:31:58,464,58,284,Net 30,Cancelled
35,2025-02-10 21:56:03,833,828,290,Net 7,Delivered
36,2023-02-16 23:45:15,274,471,579,COD,Confirmed
37,2022-07-25 17:39:16,886,141,769,COD,Out for Delivery
38,2023-05-31 17:08:58,95,224,289,Net 30,Out for Delivery
39,2023-08-05 15:28:16,336,663,480,Net 30,Placed
40,2023-12-15 13:15:13,160,554,126,Net 15,Delivered
41,2021-08-15 04:17:16,125,55,83,Net 30,Placed
42,2021-05-16 10:36:04,3,526,476,Net 7,Cancelled
43,2024-09-08 19:05:18,151,188,833,Net 7,Returned
44,2021-07-23 13:59:01,634,660,732,Net 15,Returned
45,2022-12-20 15:09:23,140,421,794,Net 15,Cancelled
46,2021-01-26 09:24:50,230,409,210,Net 15,Returned
47,2023-03-30 13:26:21,420,926,399,Net 30,Placed
48,2024-10-14 00:21:25,237,689,732,Net 15,Out for Delivery
49,2025-06-06 01:38:42,624,777,946,COD,Out for Delivery
50,2020-11-18 02:42:34,931,301,279,Net 30,Out for Delivery
51,2020-11-11 23:06:31,318,138,810,Net 7,Returned
52,2021-12-15 02:27:11,517,813,352,Net 7,Confirmed
53,2020-06-01 17:51:15,289,42,675,Net 15,Out for Delivery
54,2021-12-27 04:48:14,187,280,283,Net 15,Returned
55,2021-10-10 09:46:49,569,366,52,Net 7,Returned
56,2022-11-16 20:45:30,104,472,50,Net 7,Confirmed
57,2023-04-29 22:27:35,637,530,637,COD,Out for Delivery
58,2021-03-02 09:00:05,249,487,496,Net 15,Delivered
59,2021-12-09 12:17:52,832,560,998,Net 15,Confirmed
60,2024-05-18 20:01:35,402,884,847,Net 7,Returned
61,2020-12-09 09:37:48,176,761,40,COD,Placed
62,2025-08-02 00:03:28,145,456,651,COD,Delivered
63,2022-07-04 03:25:33,417,193,716,Net 30,Cancelled
64,2024-05-07 16:09:33,70,589,464,Net 30,Packed
65,2021-10-27 19:02:47,974,173,370,Net 7,Delivered
66,2025-02-04 20:46:56,468,914,43,Net 30,Out for Delivery
67,2024-06-25 17:29:31,813,592,935,COD,Out for Delivery
68,2021-12-07 04:28:38,319,619,987,Net 15,Out for Delivery
69,2025-06-29 01:04:16,29,33,97,COD,Placed
70,2020-10-11 00:08:43,949,925,239,Net 15,Placed
71,2021-08-08 00:51:58,19,924,668,Net 7,Confirmed
72,2020-12-10 14:39:44,472,646,60,Net 30,Packed
73,2023-05-09 23:14:39,176,680,530,Net 30,Confirmed
74,2020-04-07 18:01:54,675,287,957,Net 15,Delivered
75,2021-11-10 04:44:07,127,373,561,Net 30,Returned
76,2023-10-31 22:54:15,186,18,409,COD,Cancelled
77,2024-03-24 01:27:51,691,646,16,Net 30,Confirmed
78,2021-09-09 18:37:29,201,542,566,Net 7,Out for Delivery
79,2021-06-06 17:09:38,569,9,55,COD,Packed
80,2025-09-03 10:15:13,172,738,103,COD,Placed
81,2021-02-01 15:31:04,10,852,29,COD,Delivered
82,2022-02-15 19:13:40,510,741,158,Net 15,Out for Delivery
83,2025-07-11 18:19:32,168,721,645,Net 30,Out for Delivery
84,2020-01-09 18:57:50,152,664,822,Net 7,Returned
85,2025-05-20 19:17:15,240,925,623,Net 7,Cancelled
86,2024-01-08 20:51:01,365,264,577,Net 30,Placed
87,2023-03-02 03:52:49,273,231,270,Net 7,Returned
88,2020-01-02 05:43:25,128,607,436,Net 30,Delivered
89,2022-05-04 04:01:16,738,261,992,COD,Delivered
90,2021-01-27 09:51:23,334,713,139,Net 15,Cancelled
91,2024-03-29 16:01:04,603,472,599,COD,Delivered
92,2025-05-20 13:53:43,152,15,707,Net 7,Confirmed
93,2021-08-25 13:12:58,874,918,621,COD,Returned
94,2025-06-15 23:12:15,143,292,232,COD,Returned
95,2024-03-14 10:19:10,311,436,906,COD,Out for Delivery
96,2022-05-28 20:34:02,907,614,993,Net 30,Packed
97,2024-09-17 08:19:36,207,231,513,COD,Delivered
98,2025-06-22 22:50:53,277,479,792,Net 30,Confirmed
99,2020-11-12 06:15:30,172,820,638,COD,Cancelled
100,2020-08-14 05:32:46,305,602,106,Net 15,Cancelled
101,2024-02-18 06:57:15,571,918,673,Net 30,Packed
102,2022-08-20 06:22:22,54,811,505,Net 7,Packed
103,2023-12-29 01:26:31,250,3,723,Net 15,Packed
104,2024-05-10 10:52:54,165,729,928,Net 7,Delivered
105,2024-04-22 23:51:23,613,262,997,Net 30,Packed
106,2022-12-04 22:29:00,366,645,240,Net 15,Out for Delivery
107,2021-10-07 23:39:14,848,555,407,Net 7,Packed
108,2024-02-19 13:14:08,99,544,17,COD,Confirmed
109,2025-07-14 17:17:06,102,394,544,COD,Returned
110,2024-07-01 23:50:30,193,146,878,COD,Confirmed
111,2023-11-28 19:30:09,583,354,136,Net 7,Confirmed
112,2021-12-01 16:02:04,688,100,282,Net 15,Delivered
113,2020-06-19 07:24:52,908,194,370,COD,Packed
114,2023-04-12 06:38:19,585,227,525,Net 30,Confirmed
115,2020-05-19 07:05:22,494,747,277,Net 7,Delivered
116,2022-02-05 03:19:38,420,714,247,Net 15,Confirmed
117,2025-05-25 01:54:37,876,917,71,Net 7,Packed
118,2023-01-12 15:45:15,92,531,321,COD,Confirmed
119,2022-11-17 09:21:41,792,970,554,COD,Out for Delivery
120,2022-06-13 04:52:04,661,664,629,COD,Packed
121,2021-09-06 14:19:17,690,39,503,Net 7,Placed
122,2021-07-27 19:25:14,232,646,576,Net 7,Out for Delivery
123,2025-08-03 04:52:59,603,42,539,Net 30,Confirmed
124,2024-09-26 00:59:13,412,46,90,COD,Confirmed
125,2025-06-15 15:54:42,509,497,465,Net 7,Placed
126,2022-05-21 11:00:17,62,175,701,COD,Returned
127,2021-11-21 19:43:08,379,431,812,COD,Placed
128,2021-09-29 07:39:38,909,262,24,Net 15,Confirmed
129,2022-10-30 01:30:05,711,186,108,Net 7,Delivered
130,2025-03-30 20:33:18,357,284,567,Net 30,Placed
131,2025-05-06 08:00:21,542,169,901,Net 15,Packed
132,2024-10-08 02:00:08,456,479,537,Net 30,Confirmed
133,2020-11-26 03:09:32,755,583,160,Net 30,Delivered
134,2025-06-07 21:25:54,475,413,281,Net 15,Out for Delivery
135,2024-10-09 22:25:42,784,892,916,COD,Out for Delivery
136,2021-04-06 12:57:56,306,565,780,Net 30,Cancelled
137,2025-03-26 08:12:59,716,830,96,Net 7,Confirmed
138,2025-04-28 17:14:23,876,565,382,Net 7,Confirmed
139,2020-05-25 19:35:08,135,181,878,Net 30,Placed
140,2020-05-10 04:36:11,197,288,580,Net 7,Confirmed
141,2025-03-09 09:26:56,322,427,173,Net 30,Delivered
142,2024-09-07 12:32:24,159,880,739,Net 7,Confirmed
143,2024-11-19 04:34:48,982,818,875,Net 7,Delivered
144,2025-09-22 07:45:14,755,803,308,Net 30,Out for Delivery
145,2020-04-09 08:52:39,168,249,695,COD,Returned
146,2025-01-01 12:31:31,877,210,844,COD,Out for Delivery
147,2024-09-23 11:59:51,936,236,702,Net 15,Out for Delivery
148,2025-10-22 10:22:16,540,203,589,Net 7,Returned
149,2021-10-28 22:24:29,897,66,213,Net 15,Packed
150,2022-12-19 15:20:48,988,271,536,Net 15,Out for Delivery
151,2020-02-01 09:38:26,451,759,412,Net 15,Placed
152,2022-07-19 07:17:39,678,103,309,Net 15,Cancelled
153,2021-02-23 19:33:43,720,810,760,Net 7,Out for Delivery
154,2021-10-28 21:40:52,776,298,542,COD,Delivered
155,2021-02-21 08:21:45,6,285,422,Net 15,Confirmed
156,2022-12-06 05:56:24,568,506,356,COD,Confirmed
157,2022-01-19 11:26:04,519,877,89,Net 30,Delivered
158,2024-01-25 00:25:21,193,285,908,Net 7,Cancelled
159,2021-01-10 11:27:19,475,63,685,Net 7,Confirmed
160,2024-10-15 05:15:56,549,544,991,Net 7,Confirmed
161,2021-01-07 20:03:45,808,165,497,Net 30,Delivered
162,2025-08-30 05:11:00,396,429,547,Net 30,Packed
163,2020-06-23 22:45:13,232,911,705,Net 15,Returned
164,2022-02-24 10:10:18,989,140,924,Net 7,Cancelled
165,2024-11-14 17:28:30,297,789,216,Net 30,Cancelled
166,2022-02-16 11:59:11,22,823,795,COD,Out for Delivery
167,2022-10-21 20:52:49,39,380,857,Net 30,Returned
168,2020-02-09 19:58:06,154,260,930,Net 7,Cancelled
169,2023-11-01 10:19:15,803,159,532,Net 15,Delivered
170,2022-09-22 00:35:13,477,126,769,Net 7,Placed
171,2023-10-12 04:10:37,520,637,576,Net 7,Packed
172,2022-09-20 05:41:53,500,337,270,COD,Delivered
173,2023-08-27 03:31:41,718,210,228,COD,Cancelled
174,2020-10-12 01:38:08,957,492,72,Net 15,Returned
175,2021-08-07 09:13:31,125,595,20,Net 30,Returned
176,2022-10-16 04:23:26,675,741,36,Net 7,Packed
177,2020-04-25 17:50:49,902,100,847,Net 7,Confirmed
178,2020-10-18 07:00:58,271,876,310,COD,Placed
179,2022-09-28 16:27:57,512,755,377,COD,Confirmed
180,2025-01-13 19:51:39,345,743,995,COD,Placed
181,2022-10-10 22:55:24,191,506,677,COD,Cancelled
182,2023-07-25 01:50:21,649,395,875,Net 7,Out for Delivery
183,2021-05-14 12:45:48,400,398,20,Net 30,Confirmed
184,2023-01-30 07:49:29,459,421,725,Net 15,Confirmed
185,2020-10-01 07:14:50,415,687,597,Net 30,Returned
186,2022-11-08 04:28:32,546,857,487,Net 30,Cancelled
187,2022-06-05 17:43:34,358,908,946,Net 30,Out for Delivery
188,2024-12-21 01:29:22,491,263,464,Net 30,Cancelled
189,2021-08-19 19:35:46,790,169,333,Net 7,Placed
190,2024-05-07 21:36:42,859,999,765,Net 30,Delivered
191,2020-09-25 01:46:16,143,5,911,Net 7,Returned
192,2025-01-16 01:09:38,68,133,193,Net 30,Cancelled
193,2020-06-16 10:47:10,301,963,353,Net 30,Confirmed
194,2023-10-02 19:18:08,623,527,975,Net 7,Packed
195,2025-03-29 01:11:29,720,431,497,Net 7,Returned
196,2022-11-21 14:13:58,259,577,244,Net 15,Delivered
197,2023-11-06 12:32:42,416,785,491,COD,Cancelled
198,2020-02-15 11:04:48,349,774,379,Net 7,Delivered
199,2021-12-05 02:54:11,667,830,264,Net 7,Returned
200,2021-08-21 10:34:14,302,132,19,Net 7,Packed
201,2025-02-22 00:43:13,91,236,433,COD,Placed
202,2021-01-28 19:29:37,196,273,771,Net 7,Delivered
203,2020-10-25 14:31:06,951,861,325,Net 30,Placed
204,2021-08-20 02:18:26,57,870,53,Net 30,Delivered
205,2023-01-18 04:57:21,333,516,122,Net 30,Returned
206,2022-03-26 09:47:04,537,316,861,Net 15,Packed
207,2024-10-25 21:07:58,940,874,366,Net 30,Cancelled
208,2024-08-19 18:41:11,131,953,18,COD,Confirmed
209,2023-04-24 03:46:05,518,237,444,Net 7,Returned
210,2024-11-12 03:51:36,434,38,7,Net 7,Returned
211,2022-12-29 15:52:00,287,40,582,Net 7,Returned
212,2024-06-26 13:46:49,909,155,946,Net 7,Cancelled
213,2021-11-04 23:31:04,709,145,858,Net 15,Packed
214,2021-05-21 00:13:27,324,643,748,Net 7,Delivered
215,2022-04-25 15:20:01,842,153,923,COD,Confirmed
216,2021-01-30 12:06:41,823,258,832,Net 7,Cancelled
217,2021-06-21 08:42:11,27,873,575,Net 30,Cancelled
218,2023-04-19 14:49:32,991,259,979,Net 15,Returned
219,2023-11-25 09:58:30,499,921,864,Net 7,Out for Delivery
220,2023-06-02 22:12:29,900,198,258,Net 15,Delivered
221,2022-05-21 22:21:32,348,239,603,Net 7,Placed
222,2021-11-01 14:56:16,567,521,395,Net 7,Returned
223,2023-08-26 03:59:55,124,523,229,Net 7,Packed
224,2024-06-28 20:28:01,395,695,353,Net 30,Delivered
225,2020-06-13 09:46:18,521,6,187,Net 15,Out for Delivery
226,2023-09-17 15:14:47,4,735,593,Net 7,Delivered
227,2020-04-15 07:42:26,666,229,813,Net 30,Packed
228,2025-09-13 23:38:26,736,626,509,COD,Returned
229,2023-04-22 01:13:41,277,119,127,Net 7,Returned
230,2021-04-13 17:25:32,256,727,547,COD,Out for Delivery
231,2023-12-27 10:54:40,873,817,865,Net 15,Out for Delivery
232,2023-03-06 19:18:59,957,97,449,COD,Returned
233,2023-11-19 19:26:20,910,959,434,Net 15,Confirmed
234,2020-07-22 08:15:24,265,949,628,Net 15,Out for Delivery
235,2024-07-24 06:46:50,746,329,573,Net 30,Returned
236,2021-12-15 06:26:50,856,832,806,Net 30,Returned
237,2020-10-17 07:28:23,23,74,136,COD,Out for Delivery
238,2025-05-15 22:46:53,838,185,380,Net 15,Delivered
239,2022-05-11 00:30:33,688,286,387,COD,Out for Delivery
240,2020-01-15 15:29:52,116,817,805,Net 7,Placed
241,2025-01-09 01:06:37,342,920,811,COD,Returned
242,2025-09-13 12:51:25,63,933,51,Net 7,Confirmed
243,2022-01-18 20:26:53,228,73,120,COD,Placed
244,2025-02-01 14:26:42,269,974,60,Net 15,Out for Delivery
245,2022-03-23 18:30:54,876,690,419,COD,Confirmed
246,2022-06-14 23:33:50,660,244,841,COD,Out for Delivery
247,2023-04-21 10:12:31,9,532,73,COD,Confirmed
248,2021-05-11 17:27:11,486,916,780,COD,Placed
249,2020-04-26 20:37:19,675,918,266,Net 7,Packed
250,2022-02-17 07:11:14,753,183,208,Net 30,Confirmed
251,2024-07-14 19:14:21,62,199,824,Net 30,Packed
252,2020-07-03 05:52:38,346,465,521,Net 15,Delivered
253,2021-08-06 20:46:52,524,734,395,Net 7,Packed
254,2021-04-01 19:41:59,639,787,418,Net 7,Packed
255,2023-05-02 12:47:21,129,876,186,Net 15,Confirmed
256,2020-09-11 03:22:43,88,841,115,COD,Confirmed
257,2020-05-07 08:51:45,70,941,687,COD,Returned
258,2023-12-03 17:21:05,434,972,684,Net 7,Placed
259,2023-09-07 20:07:39,670,647,922,COD,Placed
260,2024-08-17 07:31:17,559,956,702,COD,Delivered
261,2024-08-10 21:19:19,820,73,87,Net 30,Returned
262,2020-06-28 08:21:37,481,81,983,Net 7,Confirmed
263,2023-12-09 15:13:46,700,155,228,Net 30,Returned
264,2023-08-13 12:24:54,719,126,878,Net 30,Placed
265,2025-02-26 12:49:49,603,449,949,Net 15,Packed
266,2022-05-23 14:54:19,801,15,597,Net 30,Packed
267,2023-04-22 23:37:38,483,311,404,Net 30,Confirmed
268,2020-07-16 15:04:03,559,660,236,Net 30,Out for Delivery
269,2020-02-01 06:39:59,257,412,709,Net 30,Placed
270,2022-03-27 22:48:27,799,835,996,Net 7,Delivered
271,2024-11-29 11:24:20,80,982,858,Net 15,Confirmed
272,2022-09-13 15:14:09,314,446,957,COD,Confirmed
273,2020-08-02 05:24:26,919,944,641,Net 15,Packed
274,2020-03-27 10:51:08,372,448,226,COD,Out for Delivery
275,2021-06-26 06:51:18,192,215,217,Net 7,Returned
276,2022-06-14 17:37:11,40,284,628,Net 30,Placed
277,2023-11-08 02:44:02,442,519,262,Net 7,Packed
278,2020-08-12 15:47:31,70,544,960,Net 7,Confirmed
279,2021-04-29 07:08:11,166,395,584,Net 30,Delivered
280,2024-10-02 13:55:09,88,714,960,Net 15,Cancelled
281,2022-12-15 18:31:23,844,927,120,Net 30,Returned
282,2025-03-20 07:29:10,590,66,410,Net 30,Returned
283,2022-03-31 16:43:15,842,48,637,Net 7,Out for Delivery
284,2021-12-02 02:11:23,46,553,972,Net 30,Delivered
285,2023-09-14 10:43:00,265,529,164,COD,Out for Delivery
286,2024-05-27 12:47:42,330,906,887,COD,Out for Delivery
287,2023-12-08 20:39:55,103,428,753,Net 15,Packed
288,2025-02-18 07:59:24,139,214,49,COD,Packed
289,2023-03-04 17:00:11,578,973,724,Net 30,Returned
290,2023-09-09 00:23:47,487,439,703,COD,Placed
291,2024-07-25 03:48:02,256,605,745,COD,Packed
292,2023-02-03 09:54:38,178,83,953,Net 7,Placed
293,2021-01-09 00:49:37,215,169,753,COD,Cancelled
294,2024-04-09 16:43:40,343,985,946,Net 30,Packed
295,2024-11-26 03:48:49,695,393,241,COD,Delivered
296,2023-11-30 03:57:26,590,49,555,Net 30,Out for Delivery
297,2024-04-15 20:18:53,511,119,162,COD,Returned
298,2023-04-04 09:37:51,575,124,557,Net 15,Placed
299,2023-03-22 10:53:19,476,718,502,Net 15,Out for Delivery
300,2024-04-08 10:28:13,943,257,51,COD,Placed
301,2021-06-19 05:33:43,217,301,942,COD,Placed
302,2023-03-08 04:18:45,435,251,657,Net 15,Out for Delivery
303,2023-07-29 11:00:55,463,87,559,Net 7,Delivered
304,2021-05-20 04:08:24,367,973,326,Net 15,Returned
305,2023-03-09 12:27:49,232,216,7,Net 15,Confirmed
306,2021-04-26 10:31:40,59,654,92,COD,Cancelled
307,2023-08-14 22:39:51,790,163,972,Net 7,Cancelled
308,2025-08-27 10:34:15,379,146,909,COD,Delivered
309,2024-05-27 14:43:37,436,77,89,COD,Cancelled
310,2024-01-28 13:06:36,107,342,339,Net 15,Placed
311,2022-06-18 09:43:40,825,226,659,Net 7,Packed
312,2025-02-10 17:52:28,279,575,774,Net 7,Placed
313,2022-08-16 11:27:28,692,109,12,Net 7,Placed
314,2022-12-11 06:38:59,341,483,300,Net 15,Out for Delivery
315,2024-10-16 04:51:04,9,778,141,Net 7,Cancelled
316,2021-11-08 07:37:31,978,487,654,Net 30,Confirmed
317,2020-09-30 18:15:31,587,823,714,Net 30,Placed
318,2022-01-04 02:29:15,199,609,640,Net 30,Placed
319,2022-03-22 08:29:04,625,614,788,Net 7,Returned
320,2024-11-27 10:57:53,162,852,522,Net 7,Placed
321,2023-02-05 14:12:19,108,857,950,Net 15,Confirmed
322,2020-12-08 12:11:35,841,910,54,Net 15,Placed
323,2022-06-29 13:47:34,162,820,613,Net 15,Out for Delivery
324,2024-01-06 18:56:36,603,73,534,Net 7,Placed
325,2024-03-24 13:16:49,737,639,695,Net 30,Placed
326,2024-02-06 12:53:25,323,932,909,Net 15,Packed
327,2020-07-16 04:41:00,24,633,417,Net 15,Packed
328,2023-07-25 10:47:28,123,804,827,Net 7,Confirmed
329,2022-07-18 20:15:10,279,590,277,COD,Placed
330,2022-12-25 02:38:44,969,151,716,Net 15,Out for Delivery
331,2020-10-30 05:25:54,336,689,286,Net 30,Cancelled
332,2020-06-06 22:28:30,358,454,24,COD,Delivered
333,2020-09-08 12:35:45,231,230,206,Net 15,Out for Delivery
334,2021-01-02 10:14:48,54,399,43,COD,Packed
335,2025-08-26 15:57:33,293,900,693,Net 7,Out for Delivery
336,2021-08-16 16:20:54,683,600,950,Net 7,Cancelled
337,2020-01-15 20:56:08,127,566,677,Net 7,Packed
338,2020-05-08 16:18:50,479,80,630,COD,Delivered
339,2022-05-19 10:28:28,101,454,212,Net 15,Confirmed
340,2021-03-29 09:30:06,626,640,915,Net 15,Delivered
341,2020-02-03 21:15:53,474,851,656,Net 30,Packed
342,2023-08-05 05:29:06,324,981,216,Net 15,Out for Delivery
343,2025-10-25 14:17:16,905,994,686,COD,Delivered
344,2023-11-18 14:26:35,827,884,972,Net 15,Confirmed
345,2020-03-05 07:17:13,155,478,889,COD,Returned
346,2021-05-29 02:36:30,132,168,986,Net 30,Out for Delivery
347,2023-09-10 22:35:24,363,154,628,Net 15,Placed
348,2024-08-02 20:20:31,299,213,973,Net 15,Cancelled
349,2020-06-20 20:44:06,87,703,305,Net 30,Cancelled
350,2024-10-17 23:33:25,751,581,694,COD,Delivered
351,2023-10-28 09:29:54,827,881,415,Net 30,Packed
352,2025-03-04 10:42:12,700,530,978,COD,Delivered
353,2020-08-22 08:19:42,379,197,189,Net 7,Cancelled
354,2024-10-28 05:48:24,655,437,832,Net 15,Cancelled
355,2023-08-28 20:54:26,961,418,934,Net 30,Out for Delivery
356,2022-07-09 04:51:00,1000,860,454,Net 15,Confirmed
357,2022-02-03 13:13:45,316,532,702,Net 7,Placed
358,2024-12-31 03:27:58,56,827,866,Net 15,Confirmed
359,2024-06-06 17:11:14,454,664,154,COD,Out for Delivery
360,2024-10-08 11:36:40,100,572,942,COD,Returned
361,2022-09-09 02:20:24,995,158,465,Net 15,Returned
362,2024-10-30 12:56:21,873,823,574,Net 15,Delivered
363,2022-08-28 01:46:58,928,785,584,Net 7,Packed
364,2021-04-26 11:58:35,89,307,126,Net 7,Out for Delivery
365,2022-08-06 03:06:02,122,842,743,Net 15,Returned
366,2021-04-30 13:27:28,443,743,951,COD,Returned
367,2021-05-18 16:51:25,973,275,362,COD,Out for Delivery
368,2020-10-10 15:42:09,831,256,951,Net 7,Delivered
369,2025-09-20 16:24:28,355,236,62,Net 15,Returned
370,2020-11-06 19:17:32,648,871,37,COD,Placed
371,2020-04-11 18:27:22,274,298,893,Net 15,Delivered
372,2025-05-22 02:35:09,964,608,169,Net 30,Confirmed
373,2022-11-13 00:27:05,762,4,80,Net 15,Returned
374,2020-06-08 00:55:26,865,196,671,Net 7,Confirmed
375,2021-01-30 16:49:40,397,442,331,COD,Packed
376,2023-05-13 14:11:05,990,170,413,Net 7,Delivered
377,2020-06-29 03:48:42,497,287,453,Net 30,Packed
378,2020-09-26 15:36:42,487,930,652,Net 7,Placed
379,2021-12-08 08:11:03,912,152,668,Net 15,Confirmed
380,2021-06-13 14:54:12,84,681,383,Net 7,Cancelled
381,2020-07-28 05:04:43,289,392,408,Net 30,Packed
382,2024-04-03 08:39:18,953,261,745,Net 15,Cancelled
383,2023-05-30 18:06:41,849,816,294,Net 7,Cancelled
384,2020-09-22 10:47:23,716,67,741,Net 15,Returned
385,2025-03-11 14:07:05,570,883,897,Net 15,Out for Delivery
386,2021-08-19 09:18:08,779,151,675,Net 7,Packed
387,2024-05-25 15:11:11,761,679,733,Net 30,Placed
388,2022-12-23 23:59:52,707,881,668,Net 7,Returned
389,2023-06-16 22:47:33,22,914,878,COD,Packed
390,2024-01-04 22:54:50,392,805,815,COD,Out for Delivery
391,2020-07-31 23:21:20,821,667,930,Net 7,Packed
392,2021-08-07 02:35:05,69,719,773,COD,Cancelled
393,2024-01-25 22:13:28,792,398,19,Net 7,Confirmed
394,2024-05-18 22:39:36,87,95,298,Net 30,Placed
395,2025-09-13 12:31:09,483,24,802,Net 7,Out for Delivery
396,2021-07-25 00:24:09,910,76,194,Net 15,Confirmed
397,2021-10-04 14:05:37,992,85,420,Net 7,Placed
398,2024-09-13 06:50:32,272,987,915,Net 7,Cancelled
399,2020-01-27 02:06:18,751,832,631,COD,Cancelled
400,2024-04-10 11:21:57,93,29,959,Net 7,Cancelled
401,2025-03-05 23:52:51,554,633,957,Net 15,Out for Delivery
402,2020-04-07 13:49:36,393,879,44,COD,Confirmed
403,2025-05-31 07:44:36,67,816,970,Net 7,Out for Delivery
404,2024-11-05 07:57:31,827,429,669,COD,Cancelled
405,2024-05-09 09:32:54,278,527,797,COD,Out for Delivery
406,2020-01-30 02:31:35,824,262,430,Net 30,Delivered
407,2023-03-04 05:13:25,920,953,472,Net 30,Confirmed
408,2024-01-26 14:21:48,635,828,574,Net 15,Placed
409,2025-05-17 21:39:51,496,809,803,Net 30,Cancelled
410,2022-02-19 22:25:23,89,200,656,Net 15,Returned
411,2020-11-21 21:18:43,465,517,54,Net 7,Packed
412,2023-02-28 02:29:26,265,548,208,Net 7,Placed
413,2025-04-14 04:38:35,99,2,265,Net 15,Returned
414,2023-09-09 07:04:28,306,868,255,Net 15,Confirmed
415,2020-02-24 11:27:05,813,301,283,Net 15,Out for Delivery
416,2023-12-04 02:50:28,746,291,35,Net 30,Placed
417,2020-03-12 04:48:15,566,593,814,Net 30,Placed
418,2020-05-12 06:22:58,100,305,652,Net 7,Out for Delivery
419,2021-11-26 20:54:36,656,210,717,Net 7,Returned
420,2023-09-22 12:40:51,283,720,407,Net 30,Placed
421,2021-03-22 15:03:45,536,192,46,Net 7,Delivered
422,2021-01-23 11:06:55,579,476,754,Net 7,Returned
423,2020-01-08 09:17:14,450,829,250,Net 7,Cancelled
424,2024-01-20 21:38:01,819,535,142,Net 15,Delivered
425,2020-08-05 19:56:02,971,927,692,Net 7,Delivered
426,2021-06-30 10:19:00,105,220,626,Net 7,Returned
427,2021-03-16 19:47:28,975,919,375,Net 15,Cancelled
428,2021-09-26 05:31:59,586,206,989,Net 15,Cancelled
429,2023-02-09 07:27:18,35,99,867,COD,Returned
430,2022-08-01 11:10:47,558,319,159,COD,Packed
431,2025-05-07 08:34:51,416,114,64,Net 30,Returned
432,2022-07-29 03:50:37,25,580,209,Net 15,Cancelled
433,2020-07-11 07:10:44,825,849,704,Net 15,Placed
434,2023-04-19 16:34:06,594,572,963,Net 30,Confirmed
435,2022-06-16 03:10:39,572,446,569,COD,Out for Delivery
436,2024-09-24 13:52:42,979,810,115,Net 30,Returned
437,2024-08-12 02:23:55,268,971,655,Net 30,Out for Delivery
438,2022-12-31 00:28:35,727,120,368,Net 15,Confirmed
439,2025-09-27 14:48:07,146,420,761,Net 30,Cancelled
440,2021-06-11 02:18:42,633,995,982,Net 7,Packed
441,2025-05-17 03:44:22,150,460,807,Net 30,Confirmed
442,2020-03-19 03:48:36,917,383,986,Net 30,Delivered
443,2024-02-20 18:56:56,164,145,597,Net 30,Out for Delivery
444,2020-11-15 03:37:18,750,435,792,Net 7,Out for Delivery
445,2022-06-05 19:47:19,828,939,275,Net 15,Returned
446,2020-08-25 19:06:58,21,749,969,COD,Out for Delivery
447,2025-10-26 03:52:19,518,778,732,Net 15,Cancelled
448,2021-10-04 10:14:22,72,147,887,COD,Placed
449,2020-05-01 04:41:23,1000,338,811,Net 30,Delivered
450,2020-05-06 20:07:34,314,457,965,Net 15,Delivered
451,2021-07-16 15:34:26,183,231,772,Net 7,Packed
452,2023-05-27 21:17:58,57,443,397,Net 7,Packed
453,2020-04-17 13:44:13,585,509,75,Net 15,Returned
454,2023-05-02 03:00:14,39,556,237,Net 7,Out for Delivery
455,2024-06-03 08:55:42,202,262,96,Net 7,Placed
456,2021-02-24 07:33:09,494,582,735,Net 7,Packed
457,2025-08-26 12:38:30,905,218,175,COD,Placed
458,2023-04-21 07:18:55,673,288,514,Net 30,Cancelled
459,2020-01-10 11:47:39,129,15,843,Net 15,Returned
460,2023-02-10 03:59:48,961,472,290,Net 7,Cancelled
461,2021-09-09 13:10:05,812,772,721,Net 15,Confirmed
462,2022-05-07 20:00:54,297,995,379,Net 15,Out for Delivery
463,2022-05-26 11:53:37,150,236,103,Net 15,Confirmed
464,2020-06-03 18:25:57,246,482,702,Net 30,Cancelled
465,2021-03-24 14:21:04,389,404,513,Net 7,Returned
466,2021-12-03 04:52:14,124,383,756,Net 7,Out for Delivery
467,2024-04-28 01:22:11,787,7,467,Net 7,Placed
468,2023-12-28 11:53:31,840,337,374,Net 15,Packed
469,2021-08-28 10:42:11,845,568,299,Net 15,Placed
470,2024-09-20 10:41:48,419,212,661,Net 15,Cancelled
471,2025-10-03 23:04:11,983,745,967,Net 15,Cancelled
472,2024-02-10 02:39:13,275,811,172,COD,Cancelled
473,2023-05-11 03:53:11,307,117,736,Net 7,Returned
474,2024-04-06 10:34:27,128,97,640,Net 15,Packed
475,2024-11-09 20:00:25,832,26,154,Net 30,Placed
476,2020-07-05 07:27:07,429,843,574,Net 30,Returned
477,2021-04-30 03:06:49,510,164,276,COD,Out for Delivery
478,2022-06-11 18:05:06,649,100,732,COD,Out for Delivery
479,2023-03-09 23:25:19,959,702,345,Net 15,Placed
480,2025-05-10 11:48:20,621,273,839,Net 15,Returned
481,2025-03-16 00:59:17,775,773,648,Net 7,Returned
482,2022-08-16 11:14:52,707,624,36,Net 15,Confirmed
483,2020-09-11 01:17:42,678,355,167,Net 30,Placed
484,2022-03-02 16:35:11,68,723,366,COD,Returned
485,2020-06-03 10:07:44,169,506,412,Net 30,Packed
486,2025-01-22 02:07:26,83,866,490,Net 30,Placed
487,2023-03-14 12:33:58,242,121,31,COD,Packed
488,2022-11-22 01:39:36,57,617,339,COD,Confirmed
489,2023-06-17 12:33:44,458,618,207,Net 30,Placed
490,2021-12-29 14:38:43,869,494,974,Net 15,Delivered
491,2021-11-01 19:47:47,414,202,347,COD,Placed
492,2023-03-08 01:39:41,98,131,196,Net 30,Delivered
493,2023-03-06 15:55:52,183,759,859,Net 30,Confirmed
494,2023-06-07 23:31:10,919,452,603,Net 7,Returned
495,2020-05-03 10:59:55,616,132,129,Net 15,Packed
496,2024-11-24 02:37:02,347,963,274,Net 30,Confirmed
497,2024-07-28 10:32:18,317,30,560,COD,Cancelled
498,2024-05-10 14:50:46,557,541,557,Net 30,Placed
499,2021-05-13 14:29:11,72,441,295,Net 15,Placed
500,2020-05-28 23:03:40,284,562,887,Net 30,Delivered
501,2024-05-04 11:08:42,59,644,68,COD,Cancelled
502,2025-03-03 08:05:46,603,663,358,Net 30,Confirmed
503,2023-07-27 18:30:10,209,104,411,COD,Out for Delivery
504,2023-11-01 03:35:19,934,241,828,Net 7,Delivered
505,2025-08-12 12:53:10,496,82,552,Net 30,Out for Delivery
506,2024-04-12 05:49:56,385,527,607,Net 15,Delivered
507,2021-01-15 15:50:51,117,717,514,Net 7,Cancelled
508,2025-09-14 08:42:04,47,768,908,Net 7,Delivered
509,2023-04-26 09:47:22,106,15,927,Net 30,Confirmed
510,2023-09-08 03:05:16,219,859,630,Net 15,Cancelled
511,2024-07-06 23:54:05,421,188,671,COD,Cancelled
512,2023-05-01 15:07:00,969,491,79,Net 7,Returned
513,2023-07-18 12:29:52,319,426,541,Net 15,Confirmed
514,2020-05-03 06:09:56,997,375,843,Net 7,Placed
515,2025-03-07 06:40:06,35,658,182,Net 7,Confirmed
516,2022-08-08 13:11:58,530,49,634,COD,Confirmed
517,2021-04-25 09:51:54,803,636,828,Net 7,Confirmed
518,2021-04-04 17:14:19,679,740,284,COD,Delivered
519,2024-09-15 00:48:47,163,638,466,Net 7,Packed
520,2024-09-18 05:07:09,316,470,359,COD,Cancelled
521,2020-10-11 09:00:09,660,802,974,Net 15,Packed
522,2023-05-12 15:01:43,4,604,579,Net 15,Confirmed
523,2024-05-14 15:35:19,747,802,868,COD,Placed
524,2021-03-13 10:43:28,607,831,647,Net 30,Confirmed
525,2025-05-07 19:26:46,300,391,810,Net 30,Confirmed
526,2021-04-07 07:13:39,770,14,595,Net 30,Returned
527,2020-01-13 09:29:37,668,497,515,Net 30,Delivered
528,2021-08-26 11:25:05,216,661,304,Net 15,Packed
529,2025-01-19 12:52:11,758,585,871,COD,Placed
530,2023-03-24 11:11:15,156,539,864,Net 7,Out for Delivery
531,2022-05-27 21:28:18,373,568,516,Net 15,Out for Delivery
532,2023-04-03 01:56:10,705,880,973,Net 30,Placed
533,2021-01-13 16:54:26,847,32,64,Net 7,Returned
534,2024-08-11 21:36:50,276,969,444,COD,Packed
535,2024-12-14 09:47:29,570,534,1000,Net 30,Placed
536,2021-04-15 15:34:00,37,818,615,Net 30,Out for Delivery
537,2025-06-20 14:43:02,353,320,560,COD,Placed
538,2025-07-17 13:09:22,606,395,315,Net 15,Out for Delivery
539,2020-04-05 10:16:23,568,582,120,Net 7,Placed
540,2021-12-13 09:15:14,225,140,677,Net 15,Placed
541,2024-09-07 11:22:14,685,952,637,Net 7,Packed
542,2022-01-24 00:02:14,870,371,447,Net 7,Packed
543,2021-10-21 03:29:30,932,876,95,Net 7,Placed
544,2024-12-12 15:04:05,995,45,607,Net 7,Returned
545,2024-12-19 07:03:04,867,761,270,Net 15,Placed
546,2023-06-07 04:58:03,513,945,776,Net 30,Packed
547,2024-08-06 21:54:12,554,980,196,Net 7,Placed
548,2024-12-15 15:36:30,241,875,883,Net 30,Packed
549,2021-06-28 12:56:54,215,477,33,COD,Placed
550,2022-07-02 02:26:35,651,809,494,COD,Delivered
551,2024-03-11 06:24:03,218,317,762,Net 30,Packed
552,2023-05-11 20:48:38,667,169,148,Net 15,Delivered
553,2025-08-26 14:12:26,377,73,931,Net 7,Cancelled
554,2020-10-04 07:41:01,833,197,110,Net 15,Cancelled
555,2021-08-27 08:28:15,296,309,785,Net 15,Placed
556,2020-07-18 07:48:10,311,630,265,Net 7,Out for Delivery
557,2025-01-07 08:56:10,658,310,630,Net 30,Cancelled
558,2023-08-05 13:48:56,555,582,192,Net 15,Delivered
559,2024-07-28 08:24:15,564,639,12,Net 15,Confirmed
560,2024-08-18 23:53:26,531,830,662,Net 7,Out for Delivery
561,2020-01-17 00:49:04,204,428,649,Net 15,Cancelled
562,2021-01-24 22:58:10,91,453,882,Net 7,Confirmed
563,2020-03-19 18:47:05,764,620,427,Net 15,Delivered
564,2020-05-05 11:47:50,430,141,356,Net 30,Confirmed
565,2021-08-14 03:45:16,195,47,775,Net 30,Placed
566,2023-05-25 12:24:03,286,241,446,COD,Delivered
567,2025-05-28 02:36:14,797,847,574,Net 7,Delivered
568,2023-09-29 16:38:04,345,667,661,COD,Delivered
569,2023-10-14 18:50:56,398,803,204,COD,Returned
570,2024-07-12 07:54:21,408,497,416,Net 7,Delivered
571,2022-02-12 10:56:55,115,345,139,Net 15,Placed
572,2022-03-22 18:45:17,92,406,257,Net 7,Placed
573,2020-08-12 04:11:20,594,510,266,Net 7,Cancelled
574,2025-06-11 21:57:55,470,88,6,Net 15,Delivered
575,2021-08-14 22:02:56,842,894,899,Net 7,Packed
576,2022-10-02 10:18:27,992,535,910,Net 30,Out for Delivery
577,2022-06-15 03:05:34,138,844,437,Net 7,Placed
578,2022-05-25 07:07:38,192,440,631,Net 30,Returned
579,2020-06-04 22:51:50,36,333,991,Net 30,Delivered
580,2022-04-21 19:10:09,48,273,335,Net 7,Returned
581,2021-09-18 12:06:10,489,984,925,Net 15,Out for Delivery
582,2025-10-12 07:53:14,15,978,576,Net 7,Confirmed
583,2025-06-21 15:22:08,415,254,399,Net 7,Out for Delivery
584,2023-06-05 15:36:30,962,673,980,COD,Packed
585,2021-02-05 15:41:41,301,896,674,Net 30,Out for Delivery
586,2021-10-11 02:46:09,190,750,913,Net 30,Delivered
587,2021-08-17 11:25:36,426,464,262,COD,Placed
588,2025-04-03 04:40:36,429,307,927,Net 15,Packed
589,2024-12-08 13:27:56,407,857,300,Net 7,Placed
590,2020-09-28 08:29:52,772,603,528,Net 7,Out for Delivery
591,2021-12-05 21:12:36,691,200,628,COD,Placed
592,2020-12-05 22:54:37,238,478,244,Net 15,Cancelled
593,2023-06-11 03:27:42,329,161,11,Net 15,Packed
594,2023-08-01 07:27:37,529,733,947,Net 30,Delivered
595,2023-11-06 09:28:15,648,107,391,Net 30,Returned
596,2025-07-27 21:04:46,310,991,568,COD,Returned
597,2020-02-22 22:51:44,807,780,790,Net 15,Delivered
598,2021-12-19 21:15:48,780,274,174,COD,Out for Delivery
599,2020-08-14 05:15:40,338,526,688,Net 7,Cancelled
600,2020-02-11 17:23:06,908,298,994,Net 30,Returned
601,2023-05-01 01:58:14,481,375,191,COD,Returned
602,2023-12-26 12:46:21,64,993,135,Net 15,Out for Delivery
603,2020-06-25 09:59:02,476,151,123,Net 15,Returned
604,2024-02-04 10:32:22,805,415,49,COD,Confirmed
605,2020-06-17 04:38:11,329,264,76,COD,Confirmed
606,2022-09-22 09:34:54,771,516,370,Net 7,Confirmed
607,2023-01-15 15:42:08,628,632,996,Net 7,Placed
608,2021-11-11 15:22:53,937,847,689,COD,Packed
609,2020-11-22 20:09:03,275,565,573,Net 15,Out for Delivery
610,2022-02-21 03:57:08,348,635,479,Net 15,Delivered
611,2021-05-04 07:36:27,998,384,326,Net 15,Placed
612,2022-05-18 12:50:50,397,780,412,Net 7,Returned
613,2025-04-16 19:52:09,708,651,319,COD,Packed
614,2023-08-09 11:55:42,448,292,515,Net 15,Confirmed
615,2022-06-23 17:15:17,266,42,97,COD,Placed
616,2022-04-03 19:20:24,373,497,955,Net 15,Packed
617,2024-12-05 04:04:07,307,742,895,Net 30,Confirmed
618,2025-05-17 22:29:04,287,513,832,COD,Delivered
619,2021-12-03 12:52:53,304,631,519,Net 7,Confirmed
620,2023-06-16 22:55:08,669,116,576,Net 15,Placed
621,2023-11-16 17:52:08,310,851,952,COD,Out for Delivery
622,2025-02-06 01:10:30,602,732,118,COD,Cancelled
623,2022-01-11 15:59:17,780,591,74,Net 15,Confirmed
624,2025-07-06 02:02:26,629,126,883,COD,Confirmed
625,2021-01-31 13:55:34,870,574,553,COD,Packed
626,2020-07-01 15:49:28,243,221,550,Net 30,Packed
627,2020-12-21 19:38:34,370,677,776,Net 15,Returned
628,2023-11-27 14:20:37,803,334,151,Net 15,Delivered
629,2024-07-18 03:07:04,632,901,273,Net 7,Placed
630,2021-02-11 19:02:12,13,462,244,Net 15,Placed
631,2021-07-17 03:41:19,428,532,560,Net 15,Delivered
632,2023-09-26 16:39:59,258,896,551,Net 30,Out for Delivery
633,2023-01-04 18:09:37,302,897,352,COD,Cancelled
634,2022-06-15 16:26:41,755,763,110,Net 15,Returned
635,2025-09-10 02:06:20,598,903,204,Net 15,Packed
636,2022-02-18 06:07:41,272,449,91,Net 30,Out for Delivery
637,2024-03-01 17:47:24,898,894,48,COD,Returned
638,2023-03-07 19:54:41,27,244,910,Net 7,Confirmed
639,2023-09-01 16:09:58,887,662,989,Net 30,Delivered
640,2025-05-08 07:01:52,945,736,279,Net 7,Placed
641,2020-11-29 00:50:07,739,887,726,Net 30,Placed
642,2024-09-09 15:17:17,804,849,90,Net 15,Packed
643,2024-02-04 17:49:18,629,575,513,COD,Placed
644,2023-06-20 16:56:38,557,782,932,Net 15,Packed
645,2024-02-13 22:29:13,952,298,910,COD,Placed
646,2024-12-07 15:38:46,945,522,37,Net 30,Returned
647,2024-03-01 19:20:11,457,2,730,Net 30,Packed
648,2021-08-03 18:00:33,34,207,376,Net 15,Returned
649,2023-06-07 16:35:56,610,34,726,COD,Placed
650,2025-06-25 01:44:54,271,345,515,Net 30,Cancelled
651,2024-12-22 06:31:39,723,30,663,Net 30,Cancelled
652,2022-12-24 15:26:23,259,98,717,Net 7,Delivered
653,2021-11-20 18:17:20,112,47,523,Net 15,Returned
654,2020-08-16 16:59:42,355,509,23,Net 30,Confirmed
655,2024-02-13 04:13:55,690,52,499,Net 30,Cancelled
656,2022-07-01 12:17:30,459,687,566,COD,Delivered
657,2024-09-14 07:51:53,423,991,982,COD,Out for Delivery
658,2024-01-05 21:02:57,696,739,82,Net 30,Out for Delivery
659,2020-07-07 16:03:59,167,455,903,Net 7,Packed
660,2025-03-07 12:10:52,265,308,257,COD,Confirmed
661,2021-08-10 15:13:02,683,363,759,COD,Confirmed
662,2020-01-02 07:26:39,805,500,848,Net 15,Packed
663,2024-07-14 06:24:15,920,585,285,COD,Out for Delivery
664,2024-08-23 13:20:10,921,725,151,Net 7,Delivered
665,2020-05-04 17:35:40,265,145,248,Net 30,Placed
666,2021-12-06 20:38:42,573,42,196,COD,Confirmed
667,2024-03-18 01:07:22,1000,251,87,Net 7,Packed
668,2020-12-02 11:18:36,170,423,354,Net 7,Placed
669,2023-06-24 11:03:24,408,372,258,Net 15,Cancelled
670,2024-03-16 18:36:29,577,713,185,COD,Cancelled
671,2021-06-07 04:54:27,608,933,605,COD,Returned
672,2021-03-19 07:10:27,147,799,760,Net 15,Returned
673,2022-07-19 04:44:21,330,607,853,Net 7,Cancelled
674,2022-08-28 00:09:16,735,513,83,Net 15,Confirmed
675,2024-10-29 06:09:18,934,172,89,Net 30,Cancelled
676,2020-12-31 02:07:24,277,561,706,Net 7,Returned
677,2024-03-24 01:21:42,591,136,278,Net 15,Out for Delivery
678,2023-09-11 05:49:46,139,283,360,COD,Delivered
679,2025-07-13 05:34:51,614,501,718,Net 30,Packed
680,2023-08-15 06:25:04,709,662,312,Net 7,Cancelled
681,2025-01-23 13:23:33,465,343,501,Net 15,Placed
682,2025-01-03 22:24:59,24,993,572,COD,Confirmed
683,2023-12-16 00:33:48,122,623,731,Net 30,Placed
684,2023-12-08 09:55:50,571,47,885,Net 15,Out for Delivery
685,2023-01-05 18:32:36,215,904,323,Net 15,Placed
686,2025-09-11 12:49:27,673,600,698,Net 30,Out for Delivery
687,2025-03-06 01:54:27,442,673,581,Net 30,Confirmed
688,2021-08-01 05:31:30,340,76,392,Net 30,Placed
689,2022-04-01 06:41:58,792,144,37,Net 7,Delivered
690,2021-05-29 21:55:29,563,693,303,COD,Cancelled
691,2020-04-20 07:48:38,717,419,870,COD,Placed
692,2020-10-07 13:23:30,698,76,230,COD,Cancelled
693,2025-10-08 20:35:52,779,544,609,Net 7,Cancelled
694,2024-09-26 01:36:03,727,199,866,Net 15,Packed
695,2024-01-23 08:08:26,269,273,826,Net 7,Returned
696,2025-09-24 08:46:30,288,654,662,COD,Cancelled
697,2025-05-05 07:47:05,846,729,868,Net 7,Packed
698,2024-05-23 04:34:59,823,588,974,COD,Returned
699,2020-12-06 08:41:43,938,163,923,Net 30,Delivered
700,2020-08-02 06:08:25,23,39,273,COD,Delivered
701,2022-08-25 10:07:02,643,851,459,Net 30,Returned
702,2021-07-23 13:34:29,733,501,387,Net 15,Placed
703,2022-12-21 21:33:48,3,825,14,Net 7,Packed
704,2024-01-18 17:37:35,377,600,148,Net 7,Placed
705,2025-06-01 14:05:05,730,801,89,Net 15,Out for Delivery
706,2022-10-16 09:04:06,406,254,414,COD,Out for Delivery
707,2023-01-20 21:16:39,88,158,186,Net 7,Out for Delivery
708,2022-11-21 14:51:29,713,677,397,Net 15,Confirmed
709,2025-01-08 22:04:28,20,868,482,Net 30,Returned
710,2020-07-30 04:45:25,70,717,536,Net 30,Out for Delivery
711,2020-05-09 17:05:51,651,81,178,Net 7,Packed
712,2024-09-06 06:09:34,763,516,137,COD,Cancelled
713,2021-03-05 19:50:45,841,681,436,Net 30,Packed
714,2025-01-17 19:30:41,818,198,507,Net 7,Cancelled
715,2024-05-07 19:12:59,706,639,434,COD,Placed
716,2022-05-13 19:43:58,219,724,381,Net 7,Confirmed
717,2025-05-31 07:49:29,894,362,433,Net 7,Confirmed
718,2025-10-26 05:16:39,405,522,954,Net 30,Cancelled
719,2022-12-21 05:25:10,922,51,826,COD,Placed
720,2023-10-25 11:06:09,636,382,714,COD,Delivered
721,2020-12-26 06:25:29,20,990,60,Net 15,Delivered
722,2022-10-24 13:04:36,664,444,192,Net 15,Cancelled
723,2022-07-21 08:25:46,573,213,23,Net 30,Placed
724,2025-07-11 01:56:12,188,217,244,Net 30,Packed
725,2020-02-09 03:18:38,321,726,129,Net 7,Returned
726,2022-01-26 20:49:16,459,871,267,Net 15,Cancelled
727,2021-04-06 10:56:41,795,468,863,Net 7,Out for Delivery
728,2021-06-07 14:32:58,166,268,150,Net 15,Confirmed
729,2023-06-20 02:58:03,95,103,939,Net 7,Packed
730,2024-06-27 12:42:03,382,864,600,Net 7,Packed
731,2024-02-03 14:07:22,314,105,715,COD,Cancelled
732,2021-06-18 09:30:23,635,749,984,Net 15,Cancelled
733,2024-10-25 06:30:14,738,352,394,Net 30,Confirmed
734,2025-06-23 16:45:33,297,761,592,Net 15,Packed
735,2020-02-16 04:05:48,874,238,822,Net 15,Returned
736,2020-04-15 08:36:51,303,259,916,Net 7,Placed
737,2024-12-16 09:59:51,247,617,40,Net 15,Confirmed
738,2023-01-06 23:44:59,603,125,647,Net 7,Returned
739,2022-10-27 01:52:36,563,96,612,Net 7,Packed
740,2023-04-18 13:22:48,811,488,831,COD,Packed
741,2022-10-16 22:37:39,890,705,780,Net 30,Placed
742,2023-12-27 08:41:56,269,279,1000,Net 7,Confirmed
743,2023-12-25 06:59:48,334,769,751,COD,Returned
744,2022-12-06 14:45:52,183,398,652,Net 30,Confirmed
745,2021-12-06 07:34:03,120,972,458,Net 7,Packed
746,2021-01-31 01:19:38,360,166,572,COD,Returned
747,2021-04-15 10:04:52,191,745,618,Net 15,Cancelled
748,2022-07-05 20:28:30,335,266,895,Net 15,Confirmed
749,2020-01-03 14:31:41,473,408,74,Net 7,Confirmed
750,2024-11-05 04:14:26,169,516,866,COD,Confirmed
751,2020-11-27 22:13:13,639,658,488,Net 30,Returned
752,2025-08-14 05:12:51,858,439,750,Net 30,Packed
753,2024-04-28 05:42:19,788,195,599,Net 30,Placed
754,2021-05-24 08:17:22,312,686,524,Net 7,Confirmed
755,2020-12-01 22:43:39,377,912,540,COD,Delivered
756,2020-05-22 00:20:32,568,624,154,Net 15,Out for Delivery
757,2021-01-20 22:20:10,74,317,474,Net 7,Packed
758,2021-02-27 14:04:04,902,317,272,Net 30,Confirmed
759,2025-05-18 08:22:05,892,491,608,COD,Cancelled
760,2024-03-07 12:28:29,808,769,64,Net 30,Delivered
761,2023-04-28 10:12:00,38,764,749,Net 30,Cancelled
762,2024-03-28 05:50:47,92,141,99,COD,Placed
763,2024-11-27 16:26:30,664,822,292,Net 7,Out for Delivery
764,2020-01-04 13:49:35,528,80,88,Net 15,Delivered
765,2020-06-26 19:15:04,918,808,181,COD,Delivered
766,2023-06-06 00:23:09,7,158,866,Net 30,Placed
767,2021-03-09 14:01:32,605,224,936,Net 7,Returned
768,2024-02-16 06:47:53,52,87,569,Net 15,Packed
769,2023-05-03 09:45:17,476,343,412,COD,Packed
770,2025-03-05 07:10:54,458,593,626,COD,Confirmed
771,2021-02-27 13:14:52,59,297,307,Net 30,Returned
772,2023-11-30 04:02:29,277,223,636,COD,Delivered
773,2021-11-15 23:44:08,833,475,322,Net 30,Placed
774,2023-03-03 17:59:07,500,941,730,Net 30,Cancelled
775,2024-03-27 17:51:05,448,529,188,Net 15,Delivered
776,2023-09-25 07:42:19,365,25,237,Net 15,Cancelled
777,2021-12-22 13:19:52,971,232,119,Net 7,Delivered
778,2024-10-04 06:06:45,945,340,612,Net 15,Delivered
779,2021-07-13 08:37:44,962,535,228,COD,Placed
780,2021-10-08 02:17:40,843,745,424,COD,Packed
781,2025-07-13 06:54:21,112,22,630,Net 30,Returned
782,2023-09-17 07:24:59,18,141,830,COD,Cancelled
783,2021-05-20 23:55:48,544,655,387,Net 30,Cancelled
784,2024-09-12 20:57:27,431,509,857,COD,Placed
785,2025-05-26 03:49:33,51,494,719,Net 15,Confirmed
786,2021-04-18 05:51:50,299,483,843,Net 15,Delivered
787,2024-02-15 23:21:14,80,912,651,COD,Packed
788,2021-01-09 11:32:53,915,678,630,Net 15,Packed
789,2025-07-16 00:38:09,686,751,464,Net 30,Returned
790,2024-11-08 07:34:52,662,468,259,Net 15,Confirmed
791,2022-01-25 01:09:26,634,799,406,Net 30,Cancelled
792,2022-12-29 13:09:59,586,543,195,COD,Placed
793,2024-05-30 13:46:24,169,699,458,Net 30,Out for Delivery
794,2020-08-08 09:35:41,338,912,389,Net 15,Packed
795,2025-10-26 19:04:31,392,72,483,COD,Returned
796,2023-12-14 08:31:43,157,762,35,Net 30,Out for Delivery
797,2022-09-22 10:09:51,382,82,974,Net 7,Confirmed
798,2023-10-14 04:44:18,330,729,310,Net 15,Out for Delivery
799,2023-04-12 18:00:05,398,783,399,Net 30,Out for Delivery
800,2021-02-11 07:38:25,97,859,505,COD,Delivered
801,2020-09-28 19:18:47,512,595,864,COD,Returned
802,2024-01-21 13:03:21,63,762,62,Net 15,Out for Delivery
803,2022-03-07 02:07:50,931,955,984,Net 15,Cancelled
804,2021-01-15 09:01:19,93,98,301,COD,Out for Delivery
805,2021-06-24 13:32:32,942,34,158,Net 7,Confirmed
806,2021-02-05 01:42:19,264,726,811,Net 30,Cancelled
807,2025-02-11 11:17:43,484,985,842,Net 30,Placed
808,2021-04-08 21:11:12,708,400,694,Net 15,Delivered
809,2020-10-04 21:30:31,14,128,359,Net 15,Placed
810,2024-04-18 12:46:50,869,184,273,COD,Delivered
811,2024-02-28 14:06:19,499,216,819,Net 15,Out for Delivery
812,2022-12-27 17:30:20,736,923,313,Net 15,Returned
813,2024-01-21 02:38:32,832,261,74,Net 30,Delivered
814,2023-02-14 10:01:58,584,84,551,COD,Returned
815,2025-01-15 09:22:34,396,770,140,COD,Out for Delivery
816,2025-06-16 22:20:48,287,44,155,Net 15,Confirmed
817,2021-12-30 20:32:38,198,254,322,COD,Delivered
818,2020-11-03 05:13:04,807,598,402,Net 30,Packed
819,2023-10-16 22:16:45,57,598,995,COD,Cancelled
820,2021-12-20 04:28:48,846,74,862,Net 7,Confirmed
821,2025-08-16 03:30:15,597,248,72,Net 30,Confirmed
822,2022-12-06 05:25:38,205,728,894,Net 15,Returned
823,2021-04-21 04:18:34,216,702,691,COD,Confirmed
824,2021-11-05 16:09:28,66,681,641,Net 15,Out for Delivery
825,2020-09-25 06:08:59,796,20,513,Net 30,Cancelled
826,2025-02-22 09:56:34,771,323,287,Net 15,Confirmed
827,2020-04-17 19:19:37,950,856,446,Net 7,Out for Delivery
828,2020-11-26 06:44:43,362,754,91,Net 7,Confirmed
829,2024-07-28 14:21:04,896,760,137,Net 30,Placed
830,2024-10-21 03:35:07,673,198,903,Net 15,Delivered
831,2021-10-05 04:39:12,171,25,807,Net 7,Out for Delivery
832,2020-10-02 17:10:28,573,623,420,Net 15,Out for Delivery
833,2020-04-29 23:31:09,259,715,304,Net 7,Confirmed
834,2020-06-04 02:58:56,521,17,217,Net 7,Cancelled
835,2024-04-14 19:36:03,12,488,449,Net 30,Confirmed
836,2023-11-09 16:19:54,706,313,606,Net 7,Confirmed
837,2024-09-25 16:03:13,851,887,771,COD,Packed
838,2023-12-15 01:22:43,406,385,803,Net 30,Placed
839,2021-06-07 02:32:39,891,930,334,Net 7,Confirmed
840,2023-09-09 03:06:51,556,560,632,Net 30,Confirmed
841,2021-09-11 15:31:40,422,106,406,COD,Confirmed
842,2025-08-22 17:54:39,289,348,512,Net 15,Returned
843,2024-01-02 05:34:48,99,626,818,Net 30,Placed
844,2021-07-28 03:08:07,833,692,405,Net 7,Out for Delivery
845,2020-12-17 00:26:14,940,714,506,COD,Cancelled
846,2020-01-16 05:19:43,681,204,205,Net 7,Delivered
847,2024-06-14 12:27:51,15,56,743,Net 30,Cancelled
848,2025-01-05 10:53:54,79,166,676,Net 15,Out for Delivery
849,2022-06-30 09:46:57,591,76,607,Net 30,Placed
850,2021-10-28 05:34:52,864,126,518,COD,Placed
851,2024-06-16 10:14:19,67,119,833,Net 30,Out for Delivery
852,2025-03-14 14:33:52,670,156,393,Net 15,Packed
853,2025-09-13 14:37:26,376,492,56,COD,Placed
854,2021-09-14 16:07:45,484,74,220,COD,Delivered
855,2020-04-04 06:12:18,487,371,810,Net 7,Packed
856,2023-11-03 07:33:52,691,290,310,Net 7,Out for Delivery
857,2021-07-05 09:20:39,997,26,952,COD,Delivered
858,2022-08-07 02:03:48,439,877,651,Net 15,Returned
859,2021-03-31 19:19:22,964,403,369,Net 30,Cancelled
860,2024-08-08 20:33:17,460,867,636,Net 7,Returned
861,2022-06-11 13:19:47,341,436,639,Net 7,Returned
862,2020-12-12 08:17:52,952,914,69,Net 15,Cancelled
863,2024-06-29 20:39:29,653,541,893,COD,Confirmed
864,2025-03-31 07:48:18,23,116,187,Net 15,Placed
865,2021-08-10 22:55:51,344,907,552,Net 30,Delivered
866,2025-09-01 02:09:59,691,432,611,Net 7,Confirmed
867,2022-10-29 07:43:09,8,887,124,COD,Packed
868,2023-01-08 07:18:37,299,582,177,COD,Cancelled
869,2025-06-15 12:36:24,307,227,401,Net 30,Returned
870,2025-07-21 18:42:43,44,64,536,Net 15,Packed
871,2023-10-17 23:01:11,631,432,448,Net 15,Confirmed
872,2020-11-09 21:04:14,900,601,36,Net 15,Delivered
873,2025-08-30 22:42:45,998,592,289,COD,Returned
874,2024-11-29 22:53:27,818,772,494,Net 15,Delivered
875,2020-09-30 18:11:16,438,537,622,Net 15,Placed
876,2024-11-25 00:36:23,382,780,799,Net 30,Confirmed
877,2022-12-17 19:40:10,422,139,733,COD,Packed
878,2021-01-09 14:45:23,380,910,179,COD,Delivered
879,2025-03-23 03:15:56,470,115,958,COD,Cancelled
880,2020-08-26 22:28:32,75,31,213,Net 15,Out for Delivery
881,2022-04-11 03:39:52,58,247,541,Net 30,Confirmed
882,2022-01-10 16:30:57,52,612,381,Net 30,Returned
883,2020-05-14 10:03:58,102,14,263,Net 15,Confirmed
884,2020-09-13 20:32:56,320,464,378,Net 15,Delivered
885,2021-04-03 22:59:52,902,260,864,Net 30,Packed
886,2021-03-07 01:55:39,45,867,870,Net 15,Placed
887,2025-10-07 04:44:58,780,368,59,Net 30,Placed
888,2024-04-26 09:35:26,832,791,504,Net 30,Returned
889,2023-05-14 17:51:25,734,992,114,Net 30,Cancelled
890,2025-03-10 15:17:24,910,277,800,Net 15,Out for Delivery
891,2023-01-28 04:28:35,420,822,824,Net 7,Returned
892,2022-02-18 16:09:23,244,749,808,Net 7,Packed
893,2024-10-05 19:30:35,939,574,287,Net 30,Confirmed
894,2020-07-01 07:50:34,793,826,539,Net 7,Packed
895,2025-07-07 08:20:32,741,164,649,COD,Confirmed
896,2024-06-27 04:26:47,967,50,452,Net 15,Packed
897,2025-04-28 17:35:04,393,89,742,COD,Packed
898,2020-02-16 12:24:58,581,44,391,Net 15,Cancelled
899,2022-12-22 06:33:19,254,784,732,COD,Placed
900,2021-08-16 09:12:29,878,501,811,Net 15,Delivered
901,2022-10-14 21:32:28,143,330,508,Net 15,Out for Delivery
902,2023-10-24 10:51:12,336,232,416,Net 15,Cancelled
903,2023-08-14 14:55:33,255,598,918,Net 15,Cancelled
904,2023-05-10 15:08:58,960,27,243,COD,Out for Delivery
905,2022-10-26 06:42:13,653,337,528,Net 7,Packed
906,2021-12-19 19:34:56,821,861,1,Net 7,Out for Delivery
907,2020-04-12 20:09:41,383,664,734,Net 30,Placed
908,2023-11-18 21:30:58,752,300,163,Net 30,Delivered
909,2023-01-07 22:18:53,278,244,574,Net 7,Returned
910,2024-07-15 04:00:07,586,563,313,Net 30,Returned
911,2020-11-15 21:03:56,789,807,123,COD,Placed
912,2024-10-14 06:43:55,940,585,430,Net 30,Returned
913,2023-03-17 21:13:30,325,923,499,Net 7,Confirmed
914,2023-10-04 12:19:26,564,643,722,COD,Confirmed
915,2023-12-04 00:46:30,895,545,115,Net 30,Delivered
916,2025-01-30 00:11:31,194,414,436,Net 30,Packed
917,2023-03-03 14:24:28,642,475,885,COD,Returned
918,2022-01-17 13:32:15,745,915,304,Net 15,Placed
919,2023-08-24 01:18:13,486,793,222,Net 30,Delivered
920,2025-08-05 02:21:47,993,516,982,COD,Out for Delivery
921,2022-04-02 20:27:13,429,400,396,Net 30,Cancelled
922,2022-11-09 04:03:11,733,808,444,Net 7,Placed
923,2023-07-27 23:19:26,481,388,745,Net 30,Delivered
924,2024-01-23 07:26:20,730,6,700,COD,Cancelled
925,2020-07-19 20:08:41,770,961,41,Net 30,Packed
926,2025-07-15 13:03:39,304,651,707,Net 15,Cancelled
927,2020-04-24 13:38:15,783,704,450,Net 30,Out for Delivery
928,2020-05-02 00:52:40,659,79,208,Net 15,Out for Delivery
929,2021-04-16 11:21:27,538,765,341,COD,Cancelled
930,2022-01-16 13:13:52,57,420,516,Net 15,Cancelled
931,2023-04-08 23:17:35,837,550,51,COD,Packed
932,2022-12-17 15:36:59,257,733,607,Net 30,Cancelled
933,2020-03-05 20:21:41,928,546,31,COD,Cancelled
934,2020-10-19 22:27:01,601,126,354,COD,Out for Delivery
935,2023-10-10 13:13:42,203,44,4,Net 15,Out for Delivery
936,2021-07-02 22:59:34,254,799,664,Net 15,Cancelled
937,2023-04-06 13:42:52,136,922,558,COD,Delivered
938,2023-09-03 13:54:14,127,545,605,COD,Confirmed
939,2021-12-05 01:37:05,440,171,982,Net 7,Returned
940,2022-08-20 05:23:54,528,483,304,Net 15,Out for Delivery
941,2020-03-30 01:50:54,291,842,886,Net 7,Out for Delivery
942,2022-07-11 19:56:26,446,118,673,Net 30,Returned
943,2022-11-09 07:20:57,933,566,84,Net 7,Delivered
944,2024-09-15 22:40:49,772,187,430,COD,Packed
945,2020-12-02 14:16:06,63,811,335,Net 15,Cancelled
946,2022-09-02 19:08:58,409,792,694,Net 15,Placed
947,2025-05-18 15:52:57,699,605,604,COD,Delivered
948,2023-03-30 23:34:05,683,413,906,Net 30,Confirmed
949,2020-04-08 06:11:43,365,559,887,COD,Cancelled
950,2024-12-13 14:50:08,632,571,427,Net 15,Delivered
951,2022-01-16 10:38:43,214,702,725,Net 7,Packed
952,2024-01-29 17:22:06,240,402,822,Net 15,Cancelled
953,2023-01-24 12:16:52,85,764,569,Net 15,Cancelled
954,2024-12-06 18:12:04,725,504,969,Net 15,Packed
955,2021-08-09 15:59:51,288,170,31,Net 15,Cancelled
956,2022-10-22 20:33:40,757,773,766,COD,Confirmed
957,2025-06-16 08:26:13,909,304,648,Net 15,Cancelled
958,2025-09-08 01:06:31,483,823,502,Net 7,Confirmed
959,2022-04-12 01:40:26,964,47,931,Net 30,Returned
960,2020-10-20 01:55:46,9,449,945,Net 7,Cancelled
961,2023-03-22 13:19:23,708,968,321,Net 30,Returned
962,2025-06-13 23:25:00,384,549,701,Net 30,Cancelled
963,2022-02-24 06:05:47,216,997,12,Net 7,Confirmed
964,2021-02-03 02:41:48,630,369,130,Net 30,Packed
965,2022-05-28 14:44:51,874,562,871,Net 30,Returned
966,2021-10-06 03:49:41,859,216,273,Net 30,Packed
967,2023-11-26 16:24:20,225,209,933,Net 7,Confirmed
968,2024-07-18 14:05:04,913,586,625,Net 15,Out for Delivery
969,2022-09-06 19:32:10,628,583,826,Net 15,Out for Delivery
970,2023-02-23 15:23:35,812,972,361,Net 15,Cancelled
971,2021-12-23 00:25:59,140,226,847,Net 30,Cancelled
972,2021-09-23 08:43:10,767,703,235,Net 30,Packed
973,2025-08-25 18:09:55,73,88,754,COD,Returned
974,2022-01-17 13:26:42,654,664,896,COD,Out for Delivery
975,2021-01-27 21:47:03,518,964,146,Net 15,Out for Delivery
976,2021-06-24 20:30:48,307,513,579,Net 7,Placed
977,2020-07-22 14:52:52,513,756,144,Net 15,Placed
978,2022-03-13 00:01:04,34,115,399,Net 30,Returned
979,2023-09-09 11:00:43,71,976,347,COD,Returned
980,2024-01-02 05:40:00,29,641,867,COD,Packed
981,2025-01-28 14:05:16,769,676,971,Net 15,Delivered
982,2022-04-29 09:16:20,491,294,513,COD,Delivered
983,2024-02-19 06:52:48,185,848,690,Net 15,Returned
984,2021-03-04 18:07:25,979,660,503,Net 30,Packed
985,2024-10-29 05:47:21,103,321,209,Net 7,Out for Delivery
986,2020-04-09 01:18:06,907,354,382,Net 7,Returned
987,2023-12-15 05:52:00,680,916,913,Net 7,Out for Delivery
988,2025-06-03 07:44:38,444,143,44,Net 15,Placed
989,2025-06-23 13:16:09,18,596,55,Net 30,Packed
990,2022-01-11 00:48:56,437,456,167,Net 7,Confirmed
991,2025-04-18 13:39:08,812,649,542,Net 7,Returned
992,2021-05-31 11:13:01,772,571,26,Net 15,Out for Delivery
993,2023-04-25 02:12:34,64,147,794,Net 15,Placed
994,2024-01-22 05:17:25,700,751,192,Net 15,Returned
995,2024-12-21 04:24:17,816,940,356,Net 7,Out for Delivery
996,2021-06-06 23:35:21,807,420,354,Net 30,Out for Delivery
997,2023-04-02 02:41:43,964,123,809,Net 7,Confirmed
998,2021-12-04 08:46:31,918,804,814,Net 30,Confirmed
999,2021-02-15 06:42:46,80,766,838,Net 7,Cancelled
1000,2024-01-24 17:12:02,531,650,368,Net 30,Packed
