ReturnID,OrderID,SalesID,ReturnDate,Reason,Quantity,RefundAmount
1,851,709,2024-06-28 10:14:19,Expired,1,10.4
2,155,871,2021-03-12 08:21:45,Customer Refused,2,32.86
3,546,94,2023-06-08 04:58:03,Damaged,1,6.91
4,25,56,2024-09-04 02:32:55,Expired,1,9.5
5,453,130,2020-04-24 13:44:13,Damaged,5,141.64
6,598,523,2022-01-06 21:15:48,Customer Refused,1,15.72
7,598,523,2021-12-31 21:15:48,Damaged,1,10.92
8,435,591,2022-06-28 03:10:39,Damaged,3,91.72
9,625,700,2021-02-12 13:55:34,Customer Refused,7,85.06
10,134,924,2025-06-26 21:25:54,Damaged,6,234.25
11,324,773,2024-01-12 18:56:36,Expired,8,98.99
12,355,83,2023-09-12 20:54:26,Other,8,105.67
13,720,524,2023-11-04 11:06:09,Damaged,4,36.83
14,963,759,2022-03-06 06:05:47,Short Supply,9,194.57
15,254,420,2021-04-01 19:41:59,Expired,4,38.56
16,361,775,2022-09-25 02:20:24,Other,4,56.1
17,933,993,2020-03-18 20:21:41,Customer Refused,4,200.02
18,490,327,2022-01-04 14:38:43,Short Supply,5,73.96
19,194,139,2023-10-03 19:18:08,Damaged,1,50.06
20,498,508,2024-05-18 14:50:46,Customer Refused,5,44.81
21,439,638,2025-10-03 14:48:07,Short Supply,2,23.52
22,33,278,2023-02-15 01:38:03,Expired,7,117.11
23,479,490,2023-03-23 23:25:19,Customer Refused,5,71.93
24,528,258,2021-09-05 11:25:05,Expired,1,25.88
25,923,598,2023-08-15 23:19:26,Damaged,4,54.07
26,353,845,2020-09-04 08:19:42,Short Supply,2,19.65
27,470,410,2024-10-09 10:41:48,Damaged,1,35.91
28,139,693,2020-06-08 19:35:08,Customer Refused,1,7.74
29,625,647,2021-02-20 13:55:34,Other,2,18.9
30,777,96,2022-01-05 13:19:52,Customer Refused,3,24.78
31,773,625,2021-12-01 23:44:08,Customer Refused,7,64.82
32,476,375,2020-07-07 07:27:07,Expired,4,208.22
33,817,686,2022-01-08 20:32:38,Expired,4,51.65
34,354,780,2024-11-16 05:48:24,Other,4,222.44
35,269,267,2020-02-21 06:39:59,Customer Refused,4,50.27
36,819,687,2023-10-29 22:16:45,Expired,2,22.54
37,349,548,2020-07-10 20:44:06,Short Supply,1,52.07
38,523,752,2024-05-21 15:35:19,Other,2,34.8
39,817,671,2022-01-01 20:32:38,Other,3,28.28
40,249,34,2020-05-14 20:37:19,Short Supply,7,417.48
41,950,259,2024-12-31 14:50:08,Customer Refused,6,55.4
42,408,358,2024-01-26 14:21:48,Customer Refused,4,51.34
43,417,451,2020-03-23 04:48:15,Customer Refused,6,57.1
44,728,133,2021-06-15 14:32:58,Damaged,7,243.43
45,340,149,2021-04-17 09:30:06,Customer Refused,4,219.55
46,907,118,2020-04-19 20:09:41,Customer Refused,2,26.9
47,435,591,2022-06-25 03:10:39,Expired,7,173.38
48,527,802,2020-01-26 09:29:37,Damaged,11,636.28
49,66,838,2025-02-19 20:46:56,Other,3,163.62
50,602,841,2023-12-27 12:46:21,Expired,6,421.34
51,529,336,2025-02-08 12:52:11,Customer Refused,7,114
52,821,729,2025-08-18 03:30:15,Other,3,123.69
53,315,243,2024-10-26 04:51:04,Short Supply,3,25.76
54,157,592,2022-02-06 11:26:04,Customer Refused,1,10.96
55,107,304,2021-10-15 23:39:14,Short Supply,1,30.91
56,158,639,2024-02-11 00:25:21,Customer Refused,4,78.93
57,10,41,2020-11-07 11:05:47,Expired,3,21.73
58,917,870,2023-03-03 14:24:28,Expired,5,157.12
59,503,486,2023-08-14 18:30:10,Short Supply,4,42.67
60,249,34,2020-05-12 20:37:19,Damaged,3,180.59
61,26,493,2021-02-27 23:45:15,Other,8,92.29
62,59,981,2021-12-19 12:17:52,Other,6,53.42
63,629,799,2024-08-02 03:07:04,Short Supply,6,160.51
64,209,944,2023-04-29 03:46:05,Customer Refused,12,116.73
65,133,459,2020-12-11 03:09:32,Short Supply,5,63.6
66,910,101,2024-07-28 04:00:07,Expired,2,93.99
67,998,791,2021-12-07 08:46:31,Other,5,129.81
68,996,354,2021-06-07 23:35:21,Customer Refused,6,54.52
69,557,960,2025-01-21 08:56:10,Other,1,32.68
70,957,632,2025-07-03 08:26:13,Customer Refused,6,51.6
71,107,304,2021-10-25 23:39:14,Damaged,3,84.72
72,254,420,2021-04-10 19:41:59,Short Supply,3,21.37
73,693,196,2025-10-21 20:35:52,Damaged,2,49.42
74,380,452,2021-06-15 14:54:12,Damaged,6,47.07
75,982,450,2022-05-08 09:16:20,Other,3,63.29
76,865,398,2021-08-15 22:55:51,Short Supply,1,53.13
77,467,746,2024-05-04 01:22:11,Customer Refused,8,82.42
78,624,585,2025-07-14 02:02:26,Expired,6,61.14
79,145,674,2020-04-20 08:52:39,Other,5,134.76
80,775,262,2024-04-13 17:51:05,Other,1,12.1
81,8,588,2020-07-24 23:57:36,Other,8,203.97
82,283,62,2022-04-11 16:43:15,Customer Refused,6,372.14
83,57,241,2023-05-11 22:27:35,Expired,2,22.53
84,161,612,2021-01-16 20:03:45,Other,4,226.69
85,777,96,2021-12-29 13:19:52,Expired,5,61.45
86,169,120,2023-11-06 10:19:15,Damaged,7,141.59
87,529,336,2025-01-22 12:52:11,Damaged,1,12.96
88,146,810,2025-01-21 12:31:31,Damaged,4,144.7
89,598,523,2021-12-25 21:15:48,Short Supply,6,57.63
90,79,931,2021-06-06 17:09:38,Customer Refused,2,87.62
91,629,757,2024-07-19 03:07:04,Other,6,97.79
92,973,648,2025-08-25 18:09:55,Short Supply,2,44.16
93,554,883,2020-10-14 07:41:01,Expired,4,50.21
94,362,110,2024-11-18 12:56:21,Short Supply,4,54.23
95,754,44,2021-06-03 08:17:22,Short Supply,1,52.44
96,201,432,2025-02-28 00:43:13,Customer Refused,6,62.11
97,571,829,2022-02-22 10:56:55,Damaged,1,10.44
98,907,263,2020-04-26 20:09:41,Other,1,9.76
99,364,886,2021-05-05 11:58:35,Other,1,12.68
100,497,474,2024-08-13 10:32:18,Short Supply,1,18.3
101,594,426,2023-08-08 07:27:37,Other,3,123.67
102,319,265,2022-03-29 08:29:04,Other,3,28.76
103,262,24,2020-07-17 08:21:37,Short Supply,1,30.95
104,274,79,2020-03-31 10:51:08,Short Supply,1,20.38
105,568,407,2023-10-13 16:38:04,Customer Refused,6,301.9
106,434,249,2023-04-24 16:34:06,Expired,1,8.57
107,326,126,2024-02-24 12:53:25,Expired,3,162.31
108,830,174,2024-11-05 03:35:07,Short Supply,3,26
109,358,933,2025-01-19 03:27:58,Short Supply,2,43.77
110,517,698,2021-05-01 09:51:54,Short Supply,2,47.39
111,431,835,2025-05-14 08:34:51,Customer Refused,5,87.53
112,541,996,2024-09-18 11:22:14,Damaged,4,189.29
113,189,706,2021-08-26 19:35:46,Customer Refused,8,140.38
114,298,818,2023-04-05 09:37:51,Damaged,3,47.15
115,364,982,2021-05-13 11:58:35,Other,1,28.28
116,10,41,2020-10-21 11:05:47,Damaged,7,43.65
117,322,19,2020-12-18 12:11:35,Damaged,9,133.86
118,439,638,2025-10-15 14:48:07,Short Supply,5,51.02
119,314,611,2022-12-26 06:38:59,Other,1,7.63
120,918,198,2022-02-03 13:32:15,Customer Refused,4,110.78
121,442,153,2020-03-21 03:48:36,Damaged,7,54.77
122,514,582,2020-05-16 06:09:56,Damaged,4,71.87
123,394,127,2024-06-06 22:39:36,Expired,5,40.67
124,982,450,2022-05-16 09:16:20,Short Supply,3,64.28
125,509,562,2023-04-27 09:47:22,Expired,1,46.54
126,55,902,2021-10-20 09:46:49,Damaged,1,12.42
127,650,311,2025-07-09 01:44:54,Short Supply,4,103.46
128,251,715,2024-07-21 19:14:21,Other,5,208.89
129,916,285,2025-01-30 00:11:31,Short Supply,1,18.02
130,528,258,2021-09-02 11:25:05,Short Supply,1,30.36
131,706,325,2022-10-16 09:04:06,Expired,1,18.54
132,146,811,2025-01-10 12:31:31,Short Supply,5,65.06
133,541,996,2024-09-15 11:22:14,Damaged,9,399.3
134,556,168,2020-07-18 07:48:10,Short Supply,10,436.77
135,157,912,2022-01-28 11:26:04,Customer Refused,1,18.6
136,241,1,2025-01-27 01:06:37,Expired,4,149.45
137,835,840,2024-04-22 19:36:03,Expired,1,8.44
138,723,106,2022-07-24 08:25:46,Expired,3,92.51
139,847,310,2024-06-17 12:27:51,Customer Refused,2,77.85
140,486,607,2025-02-07 02:07:26,Expired,1,19.66
141,927,138,2020-05-03 13:38:15,Other,4,47.19
142,777,894,2022-01-10 13:19:52,Customer Refused,10,100.61
143,134,78,2025-06-23 21:25:54,Expired,3,48.39
144,897,749,2025-05-11 17:35:04,Customer Refused,1,8.11
145,106,623,2022-12-15 22:29:00,Other,6,65.1
146,213,846,2021-11-12 23:31:04,Customer Refused,7,60.14
147,13,71,2022-12-05 14:03:44,Other,9,83.54
148,824,55,2021-11-23 16:09:28,Other,6,73.73
149,254,420,2021-04-08 19:41:59,Short Supply,2,14.55
150,484,940,2022-03-02 16:35:11,Short Supply,1,10.32
151,523,547,2024-05-23 15:35:19,Customer Refused,3,54.37
152,364,982,2021-04-27 11:58:35,Damaged,10,183.38
153,123,488,2025-08-22 04:52:59,Customer Refused,6,132.21
154,967,441,2023-12-05 16:24:20,Other,5,77.28
155,450,968,2020-05-12 20:07:34,Short Supply,2,19.18
156,12,581,2025-09-16 18:38:25,Customer Refused,1,6.24
157,157,941,2022-01-30 11:26:04,Customer Refused,5,47.01
158,463,825,2022-05-28 11:53:37,Customer Refused,4,157.57
159,477,994,2021-05-16 03:06:49,Other,1,31.75
160,170,734,2022-09-29 00:35:13,Other,1,53.57
161,933,761,2020-03-25 20:21:41,Expired,6,230.58
162,596,966,2025-07-29 21:04:46,Damaged,4,83.99
163,210,117,2024-11-19 03:51:36,Other,3,32
164,437,189,2024-08-22 02:23:55,Other,3,48.13
165,315,572,2024-10-29 04:51:04,Other,3,29.22
166,348,462,2024-08-19 20:20:31,Short Supply,5,71.9
167,126,905,2022-05-22 11:00:17,Short Supply,5,123.31
168,710,107,2020-08-15 04:45:25,Short Supply,4,32.89
169,314,611,2022-12-13 06:38:59,Other,1,9.09
170,102,661,2022-08-23 06:22:22,Damaged,9,67.4
171,850,504,2021-11-01 05:34:52,Customer Refused,8,144.24
172,482,624,2022-09-05 11:14:52,Damaged,12,638.39
173,613,865,2025-04-30 19:52:09,Other,1,20.13
174,800,676,2021-02-24 07:38:25,Other,3,32.14
175,380,452,2021-06-30 14:54:12,Other,1,12.48
176,756,128,2020-05-23 00:20:32,Other,8,251.28
177,696,326,2025-09-29 08:46:30,Damaged,2,23.24
178,469,541,2021-09-11 10:42:11,Expired,3,34.65
179,788,743,2021-01-24 11:32:53,Expired,6,145.56
180,134,78,2025-06-21 21:25:54,Other,1,19.79
181,723,106,2022-07-31 08:25:46,Other,5,174.82
182,686,109,2025-10-01 12:49:27,Other,2,19.54
183,408,358,2024-01-26 14:21:48,Damaged,5,53.86
184,945,637,2020-12-09 14:16:06,Expired,6,177.33
185,82,649,2022-03-06 19:13:40,Damaged,3,85.84
186,94,163,2025-06-22 23:12:15,Short Supply,4,44.57
187,129,916,2022-11-09 01:30:05,Expired,1,11.71
188,916,285,2025-02-16 00:11:31,Other,3,60.82
189,411,250,2020-11-24 21:18:43,Expired,6,219.2
190,436,273,2024-10-02 13:52:42,Expired,5,251.28
191,752,220,2025-08-21 05:12:51,Expired,1,26.77
192,405,305,2024-05-10 09:32:54,Short Supply,7,107.81
193,506,538,2024-04-13 05:49:56,Expired,5,116.65
194,934,292,2020-10-25 22:27:01,Damaged,8,153.25
195,86,461,2024-01-13 20:51:01,Customer Refused,7,112.85
196,819,116,2023-11-05 22:16:45,Short Supply,1,27.76
197,973,648,2025-09-02 18:09:55,Expired,2,30.8
198,362,110,2024-11-09 12:56:21,Damaged,1,14.41
199,47,574,2023-04-18 13:26:21,Damaged,3,43.87
200,457,539,2025-08-27 12:38:30,Other,3,24.3
201,846,670,2020-01-25 05:19:43,Customer Refused,4,101.99
202,705,876,2025-06-09 14:05:05,Customer Refused,4,83.02
203,29,236,2023-08-09 08:16:59,Expired,2,83.79
204,322,205,2020-12-21 12:11:35,Customer Refused,6,79.54
205,422,911,2021-02-12 11:06:55,Damaged,3,56.96
206,341,172,2020-02-10 21:15:53,Other,5,93.36
207,454,760,2023-05-10 03:00:14,Short Supply,4,66.25
208,584,378,2023-06-11 15:36:30,Damaged,4,77.43
209,598,794,2021-12-21 21:15:48,Short Supply,10,749.21
210,418,16,2020-05-17 06:22:58,Expired,1,11.26
211,667,655,2024-03-30 01:07:22,Short Supply,9,373.58
212,70,52,2020-10-14 00:08:43,Customer Refused,12,786.44
213,572,337,2022-04-01 18:45:17,Customer Refused,2,92.1
214,179,415,2022-09-28 16:27:57,Damaged,1,10.55
215,514,11,2020-05-16 06:09:56,Customer Refused,7,88.97
216,435,591,2022-07-04 03:10:39,Customer Refused,2,44.05
217,137,379,2025-03-29 08:12:59,Other,4,29.3
218,459,35,2020-01-18 11:47:39,Damaged,3,30.11
219,452,390,2023-05-30 21:17:58,Damaged,1,49.29
220,335,136,2025-09-06 15:57:33,Other,8,340.92
221,874,333,2024-12-10 22:53:27,Other,4,48.91
222,553,666,2025-09-05 14:12:26,Customer Refused,3,25.25
223,353,845,2020-08-26 08:19:42,Other,3,30.75
224,436,753,2024-10-14 13:52:42,Other,4,30.99
225,981,223,2025-02-02 14:05:16,Expired,4,91.44
226,298,818,2023-04-20 09:37:51,Damaged,1,19.52
227,358,726,2025-01-15 03:27:58,Other,1,56.21
228,792,731,2023-01-18 13:09:59,Expired,2,41.55
229,470,863,2024-10-04 10:41:48,Expired,4,45.3
230,494,707,2023-06-22 23:31:10,Damaged,10,77.28
231,249,34,2020-04-28 20:37:19,Other,1,40.33
232,60,279,2024-05-19 20:01:35,Expired,3,37.33
233,865,398,2021-08-16 22:55:51,Customer Refused,6,378.16
234,227,287,2020-04-29 07:42:26,Expired,3,63.47
235,736,606,2020-04-28 08:36:51,Other,1,11.48
236,430,926,2022-08-13 11:10:47,Expired,3,18.71
237,364,535,2021-05-07 11:58:35,Damaged,6,117.54
238,322,341,2020-12-19 12:11:35,Damaged,3,44.41
239,14,61,2021-05-17 16:50:30,Short Supply,4,138.62
240,119,154,2022-11-22 09:21:41,Other,3,42.29
241,200,25,2021-08-22 10:34:14,Damaged,8,95.16
242,353,845,2020-08-29 08:19:42,Customer Refused,3,30.83
243,639,514,2023-09-05 16:09:58,Damaged,5,65.28
244,315,572,2024-10-17 04:51:04,Expired,5,36.43
245,890,233,2025-03-20 15:17:24,Other,5,270.07
246,69,836,2025-06-30 01:04:16,Other,3,99.53
247,639,514,2023-09-04 16:09:58,Expired,1,15.76
248,775,262,2024-04-05 17:51:05,Expired,1,13.43
249,868,477,2023-01-14 07:18:37,Customer Refused,1,14.87
250,898,144,2020-02-19 12:24:58,Customer Refused,3,42.41
251,519,929,2024-09-21 00:48:47,Damaged,4,56.93
252,830,306,2024-11-10 03:35:07,Other,1,41.15
253,749,603,2020-01-08 14:31:41,Damaged,3,31.19
254,192,943,2025-01-21 01:09:38,Other,6,65.6
255,934,663,2020-10-31 22:27:01,Customer Refused,3,56.12
256,191,597,2020-09-29 01:46:16,Customer Refused,5,60.76
257,177,914,2020-05-13 17:50:49,Other,8,138.63
258,102,661,2022-08-23 06:22:22,Customer Refused,3,25.94
259,428,140,2021-09-26 05:31:59,Customer Refused,5,71.96
260,157,941,2022-01-28 11:26:04,Damaged,5,50.29
261,696,906,2025-10-13 08:46:30,Damaged,5,116.79
262,853,972,2025-09-19 14:37:26,Short Supply,7,175.86
263,594,426,2023-08-01 07:27:37,Customer Refused,3,108.22
264,804,150,2021-02-02 09:01:19,Customer Refused,5,88.78
265,455,770,2024-06-12 08:55:42,Other,1,15.6
266,177,914,2020-05-04 17:50:49,Expired,8,174.31
267,132,820,2024-10-13 02:00:08,Customer Refused,2,19.04
268,846,670,2020-01-27 05:19:43,Damaged,4,115.27
269,358,726,2025-01-20 03:27:58,Damaged,7,396.76
270,717,893,2025-06-08 07:49:29,Short Supply,1,9.35
271,933,468,2020-03-14 20:21:41,Short Supply,3,24.45
272,386,990,2021-08-26 09:18:08,Damaged,3,27.91
273,10,41,2020-11-10 11:05:47,Expired,4,34.74
274,679,318,2025-08-02 05:34:51,Customer Refused,4,52.58
275,186,42,2022-11-18 04:28:32,Short Supply,4,93.81
276,97,70,2024-09-20 08:19:36,Other,5,100.88
277,642,13,2024-09-12 15:17:17,Customer Refused,3,42.57
278,3,881,2025-08-08 08:54:03,Other,6,91.56
279,799,619,2023-05-01 18:00:05,Other,2,48.08
280,995,787,2025-01-08 04:24:17,Short Supply,1,13.23
281,84,566,2020-01-16 18:57:50,Customer Refused,4,58.58
282,897,774,2025-05-18 17:35:04,Short Supply,2,118.54
283,95,899,2024-04-01 10:19:10,Expired,2,17.75
284,887,853,2025-10-15 04:44:58,Customer Refused,1,24.45
285,446,225,2020-09-09 19:06:58,Other,3,82
286,590,660,2020-09-30 08:29:52,Expired,6,172.53
287,699,237,2020-12-26 08:41:43,Damaged,5,112.25
288,674,216,2022-09-10 00:09:16,Other,6,93.9
289,710,712,2020-08-07 04:45:25,Expired,7,177.57
290,865,398,2021-08-20 22:55:51,Other,1,62.08
291,533,353,2021-01-25 16:54:26,Expired,4,45.86
292,754,44,2021-06-01 08:17:22,Customer Refused,5,241.9
293,669,364,2023-06-24 11:03:24,Short Supply,2,24.14
294,187,244,2022-06-10 17:43:34,Short Supply,1,8.76
295,681,952,2025-02-08 13:23:33,Other,1,9.17
296,227,349,2020-04-21 07:42:26,Other,4,227.66
297,417,451,2020-03-20 04:48:15,Expired,5,72.83
298,434,249,2023-05-01 16:34:06,Other,1,8.56
299,439,638,2025-10-16 14:48:07,Short Supply,9,119.63
300,928,720,2020-05-02 00:52:40,Damaged,8,97.91
301,145,844,2020-04-09 08:52:39,Damaged,12,779.35
302,882,152,2022-01-30 16:30:57,Short Supply,7,95.69
303,934,292,2020-11-08 22:27:01,Short Supply,2,35.56
304,817,671,2022-01-14 20:32:38,Other,5,52.7
305,942,242,2022-07-31 19:56:26,Damaged,2,21.05
306,616,779,2022-04-05 19:20:24,Customer Refused,8,168.83
307,852,206,2025-03-21 14:33:52,Customer Refused,6,86.04
308,319,265,2022-03-27 08:29:04,Customer Refused,1,8.91
309,542,104,2022-02-08 00:02:14,Customer Refused,1,12.75
310,60,859,2024-05-26 20:01:35,Short Supply,5,160.8
311,705,876,2025-06-18 14:05:05,Customer Refused,9,275.63
312,520,159,2024-09-25 05:07:09,Short Supply,2,46.65
313,846,670,2020-01-30 05:19:43,Other,2,57.15
314,987,895,2024-01-03 05:52:00,Expired,1,15.88
315,658,204,2024-01-25 21:02:57,Expired,6,45.62
316,156,73,2022-12-10 05:56:24,Other,8,123.55
317,629,605,2024-08-06 03:07:04,Expired,4,42.4
318,254,420,2021-04-02 19:41:59,Customer Refused,9,78.42
319,20,973,2022-04-15 10:44:39,Expired,4,90.47
320,498,937,2024-05-27 14:50:46,Expired,5,60.87
321,79,931,2021-06-24 17:09:38,Short Supply,2,81.61
322,194,139,2023-10-22 19:18:08,Damaged,3,150.98
323,852,532,2025-03-25 14:33:52,Damaged,1,34.27
324,544,713,2024-12-13 15:04:05,Expired,5,293.29
325,151,954,2020-02-15 09:38:26,Short Supply,6,97.46
326,466,286,2021-12-11 04:52:14,Other,3,76.14
327,434,249,2023-05-03 16:34:06,Short Supply,3,27.39
328,482,624,2022-08-19 11:14:52,Damaged,1,42.44
329,358,271,2025-01-20 03:27:58,Damaged,8,126.9
330,298,602,2023-04-19 09:37:51,Expired,3,196.86
331,916,563,2025-02-02 00:11:31,Damaged,5,373.32
332,158,277,2024-02-12 00:25:21,Expired,5,78.77
333,934,292,2020-10-21 22:27:01,Expired,1,14.09
334,647,28,2024-03-18 19:20:11,Short Supply,6,60.22
335,47,558,2023-04-03 13:26:21,Damaged,5,80.89
336,550,989,2022-07-21 02:26:35,Short Supply,1,16.34
337,34,431,2024-03-27 08:31:58,Short Supply,3,184.56
338,316,807,2021-11-28 07:37:31,Short Supply,5,271.4
339,408,358,2024-02-08 14:21:48,Other,7,78.31
340,612,540,2022-06-07 12:50:50,Other,1,20.82
341,806,235,2021-02-12 01:42:19,Damaged,5,43.11
342,15,748,2020-09-27 04:51:25,Short Supply,7,109.66
343,15,108,2020-09-19 04:51:25,Customer Refused,4,72.02
344,196,633,2022-11-30 14:13:58,Customer Refused,5,43.87
345,668,983,2020-12-16 11:18:36,Expired,1,9.84
346,590,660,2020-09-28 08:29:52,Customer Refused,4,110.85
347,553,248,2025-09-10 14:12:26,Short Supply,7,64.23
348,151,361,2020-02-16 09:38:26,Other,1,9.73
349,169,596,2023-11-17 10:19:15,Expired,7,173.54
350,637,932,2024-03-17 17:47:24,Short Supply,1,20.73
351,355,83,2023-08-29 20:54:26,Other,5,56.09
352,999,175,2021-02-19 06:42:46,Short Supply,1,9.64
353,787,37,2024-03-05 23:21:14,Short Supply,5,66.76
354,575,869,2021-08-17 22:02:56,Short Supply,5,115.5
355,819,116,2023-10-18 22:16:45,Customer Refused,5,120.98
356,690,315,2021-06-17 21:55:29,Other,1,8.01
357,791,491,2022-02-07 01:09:26,Short Supply,1,28.27
358,564,677,2020-05-17 11:47:50,Customer Refused,1,20.61
359,693,196,2025-10-20 20:35:52,Customer Refused,7,236.15
360,207,600,2024-11-05 21:07:58,Damaged,4,88.67
361,195,891,2025-04-01 01:11:29,Damaged,9,64.11
362,157,251,2022-01-31 11:26:04,Other,5,111.58
363,923,303,2023-07-29 23:19:26,Expired,1,22.74
364,158,834,2024-02-08 00:25:21,Expired,3,18.23
365,235,309,2024-08-11 06:46:50,Customer Refused,4,149.47
366,218,879,2023-04-22 14:49:32,Other,3,29.44
367,485,387,2020-06-10 10:07:44,Expired,2,20.02
368,310,456,2024-02-11 13:06:36,Short Supply,4,97.67
369,280,839,2024-10-11 13:55:09,Short Supply,5,77.04
370,873,122,2025-09-11 22:42:45,Expired,5,158.72
371,80,134,2025-09-03 10:15:13,Damaged,2,23.58
372,29,236,2023-07-25 08:16:59,Customer Refused,1,33.53
373,791,790,2022-01-29 01:09:26,Expired,4,44.83
374,809,183,2020-10-09 21:30:31,Expired,3,99.88
375,194,139,2023-10-05 19:18:08,Damaged,2,103.94
376,203,719,2020-11-12 14:31:06,Expired,8,105.29
377,681,952,2025-01-29 13:23:33,Short Supply,7,54.48
378,459,35,2020-01-24 11:47:39,Expired,5,59.06
379,191,804,2020-10-14 01:46:16,Damaged,6,343.86
380,310,456,2024-02-06 13:06:36,Damaged,3,87.91
381,546,94,2023-06-17 04:58:03,Expired,5,46.96
382,907,118,2020-04-25 20:09:41,Damaged,7,74.45
383,157,912,2022-01-22 11:26:04,Other,1,24.66
384,7,609,2025-10-07 12:44:15,Short Supply,3,19.51
385,965,656,2022-06-12 14:44:51,Customer Refused,7,286.26
386,791,790,2022-01-31 01:09:26,Damaged,1,11.49
387,549,288,2021-07-17 12:56:54,Expired,1,24.17
388,824,55,2021-11-20 16:09:28,Customer Refused,2,20.62
389,957,632,2025-06-25 08:26:13,Short Supply,6,43.24
390,570,578,2024-07-25 07:54:21,Expired,1,23.8
391,723,106,2022-08-10 08:25:46,Damaged,1,32.27
392,800,454,2021-02-24 07:38:25,Expired,7,230.98
393,809,516,2020-10-18 21:30:31,Other,1,16.46
394,381,57,2020-08-02 05:04:43,Short Supply,3,25.27
395,57,29,2023-04-30 22:27:35,Customer Refused,4,48.94
396,696,906,2025-09-25 08:46:30,Other,7,152.15
397,562,873,2021-01-31 22:58:10,Expired,6,60.79
398,742,60,2024-01-13 08:41:56,Other,6,72.32
399,684,257,2023-12-25 09:55:50,Short Supply,2,41.18
400,581,951,2021-09-25 12:06:10,Expired,2,21.26
401,714,199,2025-02-03 19:30:41,Other,10,166.36
402,483,224,2020-09-21 01:17:42,Expired,2,20.83
403,705,882,2025-06-20 14:05:05,Short Supply,1,11.84
404,957,632,2025-06-23 08:26:13,Short Supply,6,65.32
405,892,418,2022-03-03 16:09:23,Expired,1,18.09
406,123,488,2025-08-17 04:52:59,Damaged,2,45.63
407,371,949,2020-04-14 18:27:22,Other,5,114.76
408,7,609,2025-10-09 12:44:15,Expired,2,17.12
409,797,347,2022-09-27 10:09:51,Expired,5,204.68
410,15,108,2020-09-23 04:51:25,Customer Refused,5,109.63
411,355,83,2023-09-17 20:54:26,Customer Refused,1,9.76
412,72,422,2020-12-21 14:39:44,Expired,2,20.71
413,613,865,2025-04-27 19:52:09,Damaged,1,16.22
414,832,530,2020-10-07 17:10:28,Expired,1,10.01
415,572,337,2022-04-10 18:45:17,Other,2,101.58
416,942,351,2022-07-18 19:56:26,Expired,5,52.71
417,553,248,2025-08-28 14:12:26,Other,1,9.43
418,117,396,2025-06-13 01:54:37,Other,5,118.16
419,295,357,2024-12-15 03:48:49,Other,2,14.34
420,854,874,2021-09-27 16:07:45,Customer Refused,3,24.72
421,432,528,2022-08-05 03:50:37,Short Supply,5,122.68
422,207,600,2024-11-07 21:07:58,Short Supply,6,121.46
423,470,410,2024-09-23 10:41:48,Short Supply,2,70.81
424,542,104,2022-02-04 00:02:14,Customer Refused,5,43.26
425,378,444,2020-10-07 15:36:42,Other,5,45.24
426,461,939,2021-09-17 13:10:05,Expired,4,46.02
427,599,501,2020-08-23 05:15:40,Customer Refused,5,100.97
428,964,355,2021-02-23 02:41:48,Damaged,4,68.16
429,827,119,2020-04-25 19:19:37,Customer Refused,7,147.39
430,806,235,2021-02-15 01:42:19,Other,7,68.17
431,118,5,2023-01-15 15:45:15,Expired,5,52.25
432,183,194,2021-05-23 12:45:48,Other,6,214
433,528,302,2021-09-07 11:25:05,Damaged,5,35.16
434,916,563,2025-02-03 00:11:31,Other,2,123.35
435,437,269,2024-09-01 02:23:55,Damaged,3,51.04
436,768,498,2024-03-04 06:47:53,Short Supply,5,54.26
437,933,468,2020-03-20 20:21:41,Expired,1,6.25
438,443,247,2024-02-23 18:56:56,Damaged,1,21.4
439,274,79,2020-04-07 10:51:08,Customer Refused,4,101.43
440,33,278,2023-02-08 01:38:03,Short Supply,3,33.61
441,431,764,2025-05-20 08:34:51,Short Supply,2,47.1
442,169,120,2023-11-10 10:19:15,Customer Refused,10,219.69
443,433,567,2020-07-11 07:10:44,Expired,1,16.54
444,437,653,2024-09-01 02:23:55,Other,5,59.78
445,754,44,2021-06-03 08:17:22,Customer Refused,4,186.34
446,907,53,2020-04-18 20:09:41,Damaged,7,71.67
447,431,784,2025-05-10 08:34:51,Customer Refused,4,63.36
448,907,785,2020-04-14 20:09:41,Damaged,9,121.94
449,768,498,2024-03-06 06:47:53,Other,5,55.44
450,106,429,2022-12-04 22:29:00,Expired,5,74.91
451,312,942,2025-02-24 17:52:28,Customer Refused,6,58.92
452,550,176,2022-07-21 02:26:35,Customer Refused,9,559.41
453,227,287,2020-04-25 07:42:26,Short Supply,6,105.65
454,210,657,2024-11-13 03:51:36,Other,6,96.55
455,675,7,2024-11-11 06:09:18,Customer Refused,5,82.11
456,124,817,2024-10-07 00:59:13,Short Supply,1,35.16
457,432,528,2022-08-02 03:50:37,Short Supply,5,164.49
458,398,964,2024-10-02 06:50:32,Other,6,183.01
459,705,882,2025-06-04 14:05:05,Expired,4,34.48
460,78,179,2021-09-19 18:37:29,Damaged,7,170.31
461,598,794,2021-12-24 21:15:48,Other,1,65.34
462,806,235,2021-02-25 01:42:19,Damaged,1,11.15
463,581,329,2021-10-04 12:06:10,Damaged,5,36.79
464,251,715,2024-07-19 19:14:21,Customer Refused,5,205.89
465,976,768,2021-07-13 20:30:48,Expired,3,52.28
466,778,622,2024-10-13 06:06:45,Short Supply,1,24.07
467,473,536,2023-05-29 03:53:11,Short Supply,4,36.3
468,658,204,2024-01-14 21:02:57,Damaged,5,45.78
469,487,887,2023-03-28 12:33:58,Damaged,2,32.88
470,791,491,2022-02-09 01:09:26,Expired,6,163.74
471,681,999,2025-02-02 13:23:33,Damaged,2,101.24
472,353,546,2020-08-27 08:19:42,Other,2,60.95
473,465,852,2021-04-09 14:21:04,Customer Refused,1,77.05
474,942,351,2022-07-27 19:56:26,Other,1,7.97
475,714,522,2025-02-04 19:30:41,Customer Refused,5,260.4
476,282,665,2025-03-22 07:29:10,Expired,4,40.59
477,34,300,2024-03-25 08:31:58,Expired,1,58.3
478,67,543,2024-07-04 17:29:31,Damaged,3,88.02
479,846,670,2020-01-30 05:19:43,Expired,7,206.17
480,376,160,2023-05-27 14:11:05,Expired,1,45.01
481,158,277,2024-02-12 00:25:21,Other,1,20.39
482,637,228,2024-03-09 17:47:24,Other,3,24.94
483,945,637,2020-12-12 14:16:06,Damaged,5,172.21
484,607,755,2023-01-25 15:42:08,Customer Refused,1,18.65
485,227,705,2020-04-15 07:42:26,Customer Refused,1,26.29
486,371,949,2020-04-28 18:27:22,Customer Refused,8,197.92
487,7,609,2025-10-08 12:44:15,Expired,3,29.02
488,405,305,2024-05-11 09:32:54,Short Supply,1,18.66
489,258,260,2023-12-11 17:21:05,Other,2,11.93
490,576,217,2022-10-07 10:18:27,Customer Refused,8,80.71
491,804,150,2021-01-25 09:01:19,Other,1,20.59
492,187,4,2022-06-25 17:43:34,Expired,5,256.75
493,995,787,2025-01-03 04:24:17,Customer Refused,7,81.3
494,937,783,2023-04-07 13:42:52,Short Supply,9,144.57
495,890,616,2025-03-11 15:17:24,Customer Refused,1,9.97
496,524,193,2021-03-16 10:43:28,Other,4,31.43
497,316,672,2021-11-12 07:37:31,Other,1,9.84
498,500,208,2020-06-03 23:03:40,Other,1,11.21
499,725,644,2020-02-26 03:18:38,Other,1,36.67
500,322,19,2020-12-26 12:11:35,Customer Refused,5,63.54
501,581,329,2021-09-18 12:06:10,Expired,7,69.58
502,998,791,2021-12-24 08:46:31,Customer Refused,3,106.65
503,430,926,2022-08-21 11:10:47,Expired,4,31.26
504,351,213,2023-11-12 09:29:54,Customer Refused,1,7.95
505,72,374,2020-12-15 14:39:44,Customer Refused,7,98.12
506,161,980,2021-01-25 20:03:45,Expired,3,81.76
507,738,195,2023-01-26 23:44:59,Damaged,2,99.43
508,66,838,2025-02-15 20:46:56,Expired,1,44.97
509,890,226,2025-03-23 15:17:24,Expired,1,45.09
510,564,677,2020-05-07 11:47:50,Damaged,1,18.16
511,861,463,2022-06-26 13:19:47,Expired,4,37.45
512,203,177,2020-11-05 14:31:06,Damaged,6,164.94
513,233,448,2023-11-26 19:26:20,Short Supply,1,23.5
514,263,823,2023-12-29 15:13:46,Other,4,144.81
515,827,721,2020-04-28 19:19:37,Customer Refused,8,174.77
516,24,170,2023-06-14 18:54:51,Damaged,4,43.51
517,533,353,2021-01-27 16:54:26,Short Supply,5,76.61
518,298,818,2023-04-18 09:37:51,Other,2,30.48
519,25,56,2024-08-27 02:32:55,Other,1,9.11
520,738,195,2023-01-10 23:44:59,Expired,2,79.65
521,690,315,2021-05-30 21:55:29,Other,2,19.58
522,157,701,2022-01-31 11:26:04,Other,2,17.67
523,636,268,2022-03-01 06:07:41,Damaged,8,100.24
524,923,598,2023-08-13 23:19:26,Damaged,6,76.74
525,75,202,2021-11-23 04:44:07,Expired,4,85.25
526,880,48,2020-09-06 22:28:32,Damaged,1,30.35
527,994,927,2024-01-24 05:17:25,Short Supply,7,72.53
528,477,903,2021-05-07 03:06:49,Short Supply,5,72.36
529,123,488,2025-08-06 04:52:59,Short Supply,2,46.88
530,191,804,2020-09-29 01:46:16,Damaged,1,42.85
531,210,657,2024-11-30 03:51:36,Other,1,13.5
532,533,323,2021-01-25 16:54:26,Short Supply,5,62.65
533,650,311,2025-06-30 01:44:54,Expired,1,21.38
534,327,617,2020-07-19 04:41:00,Short Supply,1,9.66
535,6,167,2021-10-11 05:45:12,Customer Refused,5,154.33
536,711,100,2020-05-16 17:05:51,Expired,7,115.41
537,830,174,2024-10-23 03:35:07,Expired,1,9.15
538,580,910,2022-04-27 19:10:09,Customer Refused,3,30.71
539,415,509,2020-03-05 11:27:05,Customer Refused,3,38.18
540,201,631,2025-02-24 00:43:13,Short Supply,1,26.7
541,14,266,2021-05-14 16:50:30,Customer Refused,1,29.41
542,47,558,2023-04-14 13:26:21,Short Supply,2,23.43
543,838,84,2023-12-17 01:22:43,Customer Refused,7,60.98
544,241,1,2025-01-12 01:06:37,Short Supply,2,71.38
545,580,953,2022-04-23 19:10:09,Short Supply,3,39.83
546,71,373,2021-08-27 00:51:58,Short Supply,11,93.28
547,637,228,2024-03-17 17:47:24,Damaged,1,9.96
548,353,546,2020-08-27 08:19:42,Short Supply,6,151.3
549,209,944,2023-04-30 03:46:05,Expired,4,41.85
550,239,658,2022-05-14 00:30:33,Customer Refused,6,43.47
551,677,518,2024-04-02 01:21:42,Customer Refused,4,94.37
552,939,171,2021-12-07 01:37:05,Other,7,95.68
553,933,993,2020-03-15 20:21:41,Expired,15,725.71
554,678,181,2023-09-13 05:49:46,Customer Refused,3,68.72
555,47,574,2023-04-15 13:26:21,Damaged,1,11.52
556,453,130,2020-04-18 13:44:13,Short Supply,2,64.2
557,678,293,2023-09-20 05:49:46,Short Supply,3,61.69
558,799,50,2023-04-25 18:00:05,Customer Refused,1,12.47
559,463,825,2022-05-28 11:53:37,Other,1,36.53
560,157,912,2022-02-01 11:26:04,Damaged,5,106.61
561,562,873,2021-02-06 22:58:10,Expired,8,115.57
562,616,779,2022-04-15 19:20:24,Other,2,61.17
563,906,246,2021-12-29 19:34:56,Customer Refused,4,93.06
564,775,714,2024-04-03 17:51:05,Customer Refused,6,122.6
565,679,318,2025-07-15 05:34:51,Damaged,6,86.72
566,634,710,2022-06-24 16:26:41,Customer Refused,9,126.08
567,402,254,2020-04-15 13:49:36,Other,7,57.52
568,652,72,2023-01-02 15:26:23,Customer Refused,1,9.43
569,470,410,2024-10-08 10:41:48,Other,4,160.2
570,527,802,2020-01-22 09:29:37,Short Supply,2,91.91
571,598,794,2021-12-19 21:15:48,Customer Refused,1,56.76
572,598,794,2021-12-20 21:15:48,Short Supply,3,171.2
573,906,897,2022-01-06 19:34:56,Customer Refused,3,123.2
574,726,956,2022-02-07 20:49:16,Damaged,2,54.27
575,889,155,2023-05-22 17:51:25,Other,6,72.37
576,408,702,2024-01-27 14:21:48,Damaged,1,33.03
577,647,28,2024-03-10 19:20:11,Short Supply,1,11.44
578,998,298,2021-12-09 08:46:31,Damaged,7,127.42
579,274,79,2020-04-03 10:51:08,Damaged,6,187.07
580,508,409,2025-09-29 08:42:04,Other,4,39.57
581,505,520,2025-08-12 12:53:10,Damaged,5,93.4
582,145,844,2020-04-20 08:52:39,Damaged,1,59.98
583,640,404,2025-05-22 07:01:52,Other,3,53.72
584,575,869,2021-08-30 22:02:56,Expired,3,64.77
585,127,261,2021-11-21 19:43:08,Customer Refused,6,410.7
586,379,652,2021-12-11 08:11:03,Customer Refused,6,51.94
587,905,724,2022-11-12 06:42:13,Customer Refused,4,55.75
588,67,543,2024-06-28 17:29:31,Short Supply,1,23.76
589,187,866,2022-06-17 17:43:34,Short Supply,4,79.33
590,909,123,2023-01-23 22:18:53,Customer Refused,5,100.99
591,109,141,2025-07-18 17:17:06,Short Supply,1,66.23
592,792,762,2023-01-12 13:09:59,Other,4,46.62
593,374,577,2020-06-26 00:55:26,Other,7,116.36
594,945,637,2020-12-18 14:16:06,Damaged,6,197.88
595,941,499,2020-04-18 01:50:54,Other,4,252.04
596,737,6,2025-01-04 09:59:51,Other,2,24.69
597,101,557,2024-02-19 06:57:15,Other,4,214.61
598,405,699,2024-05-24 09:32:54,Expired,1,7.68
599,511,754,2024-07-18 23:54:05,Damaged,1,40.23
600,759,424,2025-06-05 08:22:05,Expired,3,138.13
601,106,915,2022-12-22 22:29:00,Short Supply,1,8.62
602,891,747,2023-02-01 04:28:35,Customer Refused,5,82.96
603,756,128,2020-05-25 00:20:32,Short Supply,2,77.17
604,69,613,2025-07-12 01:04:16,Damaged,4,32.52
605,283,62,2022-04-10 16:43:15,Expired,6,322.06
606,637,932,2024-03-13 17:47:24,Short Supply,1,22.11
607,254,502,2021-04-03 19:41:59,Customer Refused,5,117.54
608,820,920,2022-01-03 04:28:48,Damaged,4,158.27
609,470,410,2024-10-08 10:41:48,Other,3,114.47
610,713,479,2021-03-07 19:50:45,Damaged,7,235.66
611,163,371,2020-07-07 22:45:13,Customer Refused,1,13.74
612,930,33,2022-01-23 13:13:52,Short Supply,2,22.84
613,572,337,2022-03-27 18:45:17,Damaged,7,331.12
614,963,759,2022-03-14 06:05:47,Customer Refused,4,120.78
615,503,486,2023-08-10 18:30:10,Damaged,7,55.36
616,901,554,2022-10-28 21:32:28,Expired,1,23.24
617,681,952,2025-01-31 13:23:33,Other,1,9.3
618,433,955,2020-07-27 07:10:44,Damaged,5,41.85
619,59,981,2021-12-14 12:17:52,Short Supply,5,48.2
620,125,511,2025-06-27 15:54:42,Customer Refused,2,30.43
621,668,983,2020-12-18 11:18:36,Customer Refused,5,51.15
622,669,364,2023-07-10 11:03:24,Customer Refused,1,11.86
623,259,137,2023-09-11 20:07:39,Other,7,61.04
624,302,455,2023-03-17 04:18:45,Damaged,1,31.4
625,901,554,2022-10-30 21:32:28,Expired,2,48.34
626,808,32,2021-04-15 21:11:12,Expired,5,40.85
627,126,412,2022-06-04 11:00:17,Customer Refused,7,317.64
628,525,850,2025-05-26 19:26:46,Short Supply,4,50.47
629,977,963,2020-07-31 14:52:52,Short Supply,4,119.95
630,224,827,2024-07-18 20:28:01,Damaged,7,94.56
631,6,167,2021-10-15 05:45:12,Damaged,7,243.98
632,381,489,2020-08-03 05:04:43,Damaged,8,74.67
633,831,92,2021-10-12 04:39:12,Damaged,13,178.79
634,84,363,2020-01-16 18:57:50,Damaged,4,139.63
635,819,687,2023-10-18 22:16:45,Short Supply,2,17.25
636,852,532,2025-03-31 14:33:52,Damaged,3,114.86
637,584,378,2023-06-19 15:36:30,Short Supply,4,89.55
638,699,237,2020-12-24 08:41:43,Customer Refused,7,155.05
639,69,613,2025-07-03 01:04:16,Short Supply,6,52.42
640,816,473,2025-07-02 22:20:48,Short Supply,6,69.68
641,129,294,2022-11-15 01:30:05,Other,5,207.51
642,132,820,2024-10-18 02:00:08,Expired,4,34.42
643,934,663,2020-10-23 22:27:01,Short Supply,4,78.47
644,528,302,2021-09-01 11:25:05,Expired,5,48.91
645,992,476,2021-06-07 11:13:01,Damaged,4,39.79
646,361,775,2022-09-10 02:20:24,Customer Refused,8,77.14
647,904,334,2023-05-30 15:08:58,Short Supply,9,131.01
648,509,562,2023-05-14 09:47:22,Damaged,4,179.65
649,165,978,2024-11-15 17:28:30,Damaged,2,22.04
650,482,624,2022-08-28 11:14:52,Damaged,7,399.7
651,233,448,2023-12-05 19:26:20,Customer Refused,3,63.04
652,126,412,2022-05-22 11:00:17,Other,5,180.95
653,774,356,2023-03-17 17:59:07,Expired,3,37.32
654,170,733,2022-10-02 00:35:13,Customer Refused,6,302.5
655,351,339,2023-11-08 09:29:54,Damaged,6,66.24
656,865,398,2021-08-30 22:55:51,Damaged,2,85.65
657,359,917,2024-06-18 17:11:14,Customer Refused,1,7.14
658,165,978,2024-11-28 17:28:30,Expired,7,90.83
659,887,847,2025-10-11 04:44:58,Customer Refused,1,8.21
660,861,904,2022-06-25 13:19:47,Other,3,41.93
661,639,809,2023-09-04 16:09:58,Expired,5,87.26
662,982,450,2022-04-29 09:16:20,Customer Refused,3,79.93
663,443,247,2024-02-27 18:56:56,Expired,3,77.92
664,992,428,2021-06-04 11:13:01,Expired,3,28.59
665,223,475,2023-09-08 03:59:55,Other,1,11.11
666,677,681,2024-03-28 01:21:42,Damaged,1,10.3
667,335,136,2025-09-14 15:57:33,Expired,3,131.19
668,465,852,2021-04-02 14:21:04,Other,3,144.6
669,658,204,2024-01-10 21:02:57,Short Supply,3,30.99
670,776,376,2023-09-27 07:42:19,Short Supply,3,30.09
671,466,86,2021-12-23 04:52:14,Damaged,8,224.87
672,694,466,2024-10-07 01:36:03,Damaged,4,141.17
673,186,377,2022-11-25 04:28:32,Damaged,2,32.34
674,391,142,2020-08-14 23:21:20,Other,1,10.16
675,610,190,2022-03-08 03:57:08,Damaged,6,325.1
676,156,73,2022-12-20 05:56:24,Customer Refused,1,14.35
677,217,81,2021-06-21 08:42:11,Other,3,53.69
678,514,11,2020-05-22 06:09:56,Other,9,92.87
679,970,872,2023-03-15 15:23:35,Expired,3,63.03
680,457,539,2025-09-14 12:38:30,Short Supply,6,45.67
681,895,272,2025-07-18 08:20:32,Damaged,7,243.75
682,287,507,2023-12-08 20:39:55,Short Supply,3,36.23
683,613,389,2025-05-05 19:52:09,Customer Refused,5,108.95
684,383,531,2023-06-14 18:06:41,Other,7,121.02
685,172,368,2022-09-26 05:41:53,Damaged,8,73.58
686,227,287,2020-05-04 07:42:26,Expired,3,41.07
687,359,917,2024-06-20 17:11:14,Customer Refused,6,63.86
688,987,895,2023-12-15 05:52:00,Other,5,95.16
689,581,860,2021-09-28 12:06:10,Short Supply,4,172.61
690,707,2,2023-01-21 21:16:39,Other,1,9.51
691,485,483,2020-06-15 10:07:44,Short Supply,5,108.85
692,725,644,2020-02-17 03:18:38,Damaged,4,147.88
693,169,596,2023-11-04 10:19:15,Other,1,26.89
694,852,532,2025-03-23 14:33:52,Customer Refused,5,140.75
695,203,854,2020-10-28 14:31:06,Damaged,1,30.47
696,484,460,2022-03-21 16:35:11,Other,4,184.92
697,398,964,2024-09-26 06:50:32,Short Supply,5,96.76
698,6,231,2021-10-12 05:45:12,Short Supply,1,11.82
699,512,923,2023-05-20 15:07:00,Expired,3,123.1
700,575,869,2021-09-01 22:02:56,Other,1,20.76
701,853,972,2025-09-22 14:37:26,Expired,8,171.75
702,101,411,2024-02-28 06:57:15,Damaged,5,223.6
703,980,394,2024-01-18 05:40:00,Short Supply,7,275.86
704,764,650,2020-01-17 13:49:35,Short Supply,2,15.26
705,129,816,2022-11-09 01:30:05,Customer Refused,5,167.12
706,431,835,2025-05-23 08:34:51,Other,3,58.04
707,898,683,2020-02-24 12:24:58,Other,3,29.24
708,458,230,2023-05-02 07:18:55,Damaged,1,12.4
709,576,217,2022-10-15 10:18:27,Short Supply,5,39.41
710,134,78,2025-06-16 21:25:54,Other,7,102.88
711,305,824,2023-03-13 12:27:49,Short Supply,4,114.58
712,817,671,2022-01-11 20:32:38,Damaged,4,40.24
713,894,868,2020-07-12 07:50:34,Expired,1,46.71
714,581,951,2021-09-25 12:06:10,Damaged,2,31.78
715,713,967,2021-03-22 19:50:45,Other,1,25.46
716,453,130,2020-04-22 13:44:13,Other,3,61.79
717,381,489,2020-07-31 05:04:43,Other,10,120.34
718,636,268,2022-03-04 06:07:41,Other,1,11.76
719,572,337,2022-04-05 18:45:17,Expired,1,50.55
720,95,899,2024-03-26 10:19:10,Short Supply,11,102.23
721,819,506,2023-11-01 22:16:45,Short Supply,1,51.92
722,109,141,2025-07-15 17:17:06,Customer Refused,3,172.59
723,358,933,2025-01-12 03:27:58,Damaged,6,155.23
724,804,150,2021-01-15 09:01:19,Short Supply,6,154.58
725,703,40,2022-12-24 21:33:48,Expired,8,113.08
726,115,492,2020-05-24 07:05:22,Short Supply,7,190.65
727,994,927,2024-02-05 05:17:25,Other,4,46.05
728,381,57,2020-08-10 05:04:43,Short Supply,1,7.17
729,305,667,2023-03-26 12:27:49,Expired,4,174.93
730,859,977,2021-04-08 19:19:22,Short Supply,2,13.25
731,485,483,2020-06-05 10:07:44,Other,8,195.92
732,209,944,2023-05-12 03:46:05,Damaged,5,42.87
733,658,958,2024-01-20 21:02:57,Damaged,1,12.04
734,586,892,2021-10-27 02:46:09,Expired,2,39.65
735,523,547,2024-05-21 15:35:19,Other,9,142.02
736,94,163,2025-07-03 23:12:15,Damaged,7,76.26
737,706,325,2022-10-20 09:04:06,Damaged,8,126.18
738,107,304,2021-10-22 23:39:14,Customer Refused,6,167.1
739,137,3,2025-04-10 08:12:59,Damaged,6,288.13
740,195,891,2025-04-12 01:11:29,Short Supply,2,12.49
741,742,60,2023-12-28 08:41:56,Other,3,37.51
742,908,129,2023-11-18 21:30:58,Customer Refused,4,32.2
743,894,868,2020-07-04 07:50:34,Short Supply,6,313.71
744,82,284,2022-02-20 19:13:40,Customer Refused,6,42.14
745,439,638,2025-10-07 14:48:07,Other,4,36.27
746,210,117,2024-11-16 03:51:36,Customer Refused,1,14.35
747,315,572,2024-11-01 04:51:04,Other,5,51.08
748,678,293,2023-09-19 05:49:46,Short Supply,6,149.88
749,701,49,2022-09-03 10:07:02,Short Supply,3,40.5
750,458,230,2023-04-23 07:18:55,Customer Refused,3,25.18
751,749,603,2020-01-14 14:31:41,Expired,4,46.32
752,97,878,2024-09-23 08:19:36,Damaged,5,66.7
753,693,281,2025-10-11 20:35:52,Damaged,1,53.18
754,305,59,2023-03-27 12:27:49,Customer Refused,6,101.84
755,391,142,2020-08-01 23:21:20,Customer Refused,8,91.68
756,259,212,2023-09-12 20:07:39,Damaged,1,24.35
757,694,203,2024-10-15 01:36:03,Short Supply,2,19.27
758,934,292,2020-11-07 22:27:01,Customer Refused,4,75.47
759,998,298,2021-12-13 08:46:31,Short Supply,4,66.6
760,115,492,2020-05-26 07:05:22,Damaged,6,143.33
761,363,328,2022-09-04 01:46:58,Damaged,8,45.48
762,928,720,2020-05-06 00:52:40,Damaged,3,28.55
763,828,8,2020-12-01 06:44:43,Customer Refused,4,82.69
764,828,8,2020-12-14 06:44:43,Customer Refused,3,73.09
765,461,939,2021-09-22 13:10:05,Short Supply,1,13.87
766,862,403,2020-12-29 08:17:52,Short Supply,9,85.35
767,855,147,2020-04-13 06:12:18,Expired,7,69.73
768,428,140,2021-10-13 05:31:59,Customer Refused,2,32.35
769,326,126,2024-02-09 12:53:25,Customer Refused,1,51.81
770,254,722,2021-04-01 19:41:59,Short Supply,2,18.34
771,112,169,2021-12-20 16:02:04,Other,4,92.53
772,523,547,2024-05-30 15:35:19,Damaged,1,17.39
773,361,556,2022-09-16 02:20:24,Expired,1,13.39
774,195,891,2025-04-05 01:11:29,Short Supply,8,78.71
775,967,441,2023-12-02 16:24:20,Expired,8,137.03
776,227,349,2020-04-24 07:42:26,Expired,1,45.29
777,580,953,2022-05-07 19:10:09,Customer Refused,4,42.47
778,466,86,2021-12-06 04:52:14,Expired,3,78.16
779,693,281,2025-10-25 20:35:52,Customer Refused,9,337.44
780,992,476,2021-06-01 11:13:01,Short Supply,3,41.25
781,106,623,2022-12-10 22:29:00,Damaged,8,76.25
782,351,339,2023-11-02 09:29:54,Short Supply,3,47.32
783,681,952,2025-01-24 13:23:33,Damaged,3,17.76
784,437,189,2024-08-23 02:23:55,Damaged,3,41.44
785,769,66,2023-05-14 09:45:17,Damaged,3,35.99
786,967,131,2023-12-02 16:24:20,Customer Refused,8,83.42
787,849,618,2022-07-07 09:46:57,Other,1,8.89
788,514,383,2020-05-10 06:09:56,Damaged,6,70.44
789,371,949,2020-04-22 18:27:22,Other,2,51.87
790,364,982,2021-05-05 11:58:35,Damaged,3,83.02
791,847,310,2024-06-18 12:27:51,Customer Refused,3,94.66
792,819,116,2023-10-19 22:16:45,Short Supply,4,104.1
793,344,75,2023-12-02 14:26:35,Damaged,3,20.45
794,80,134,2025-09-10 10:15:13,Other,6,97.23
795,533,323,2021-01-25 16:54:26,Short Supply,4,61.53
796,964,355,2021-02-03 02:41:48,Other,1,11.21
797,506,538,2024-04-29 05:49:56,Customer Refused,1,23.66
798,618,188,2025-06-03 22:29:04,Expired,3,52.19
799,522,148,2023-05-26 15:01:43,Expired,5,46.67
800,775,262,2024-04-11 17:51:05,Expired,1,12.82
801,391,85,2020-08-06 23:21:20,Damaged,3,99.99
802,957,443,2025-07-01 08:26:13,Short Supply,6,136.73
803,934,95,2020-10-26 22:27:01,Other,6,135.28
804,761,526,2023-04-30 10:12:00,Other,4,134.82
805,637,228,2024-03-12 17:47:24,Customer Refused,7,63.99
806,90,690,2021-01-28 09:51:23,Other,2,45.91
807,803,343,2022-03-10 02:07:50,Damaged,1,36.05
808,37,610,2022-08-14 17:39:16,Customer Refused,4,53.69
809,950,601,2024-12-25 14:50:08,Expired,1,8.25
810,6,231,2021-10-16 05:45:12,Damaged,1,14.05
811,43,736,2024-09-22 19:05:18,Other,3,92.67
812,125,511,2025-06-21 15:54:42,Damaged,6,100.9
813,976,289,2021-07-01 20:30:48,Expired,6,44.01
814,746,545,2021-02-15 01:19:38,Damaged,4,37.44
815,129,294,2022-11-10 01:30:05,Other,1,47.95
816,259,594,2023-09-22 20:07:39,Customer Refused,5,61.49
817,216,851,2021-02-02 12:06:41,Damaged,7,492.94
818,30,200,2024-12-15 03:24:15,Short Supply,2,90.71
819,596,966,2025-07-31 21:04:46,Damaged,3,59.92
820,533,323,2021-02-01 16:54:26,Short Supply,4,53.54
821,841,99,2021-10-01 15:31:40,Other,3,23.69
822,609,453,2020-11-26 20:09:03,Other,5,41.24
823,788,397,2021-01-18 11:32:53,Customer Refused,4,115.23
824,231,63,2023-12-31 10:54:40,Customer Refused,5,149.25
825,300,470,2024-04-23 10:28:13,Other,2,40.26
826,561,789,2020-01-17 00:49:04,Expired,2,20.89
827,680,282,2023-08-30 06:25:04,Expired,1,20.48
828,203,854,2020-11-09 14:31:06,Expired,5,220.08
829,933,993,2020-03-15 20:21:41,Short Supply,2,91.85
830,528,258,2021-09-01 11:25:05,Damaged,3,75.71
831,808,738,2021-04-22 21:11:12,Customer Refused,5,84.01
832,896,695,2024-07-12 04:26:47,Customer Refused,2,20.12
833,209,416,2023-04-28 03:46:05,Short Supply,7,49.25
834,598,794,2021-12-27 21:15:48,Customer Refused,4,246.36
835,29,236,2023-07-29 08:16:59,Expired,1,38.86
836,929,146,2021-04-24 11:21:27,Short Supply,5,73.35
837,980,394,2024-01-21 05:40:00,Other,10,601.35
838,34,431,2024-03-26 08:31:58,Other,3,189.88
839,314,611,2022-12-27 06:38:59,Other,1,6.07
840,618,188,2025-05-21 22:29:04,Other,9,121.77
841,246,380,2022-07-02 23:33:50,Other,7,231.84
842,503,486,2023-07-29 18:30:10,Short Supply,1,13.13
843,462,234,2022-05-21 20:00:54,Damaged,2,55.84
844,625,704,2021-02-13 13:55:34,Customer Refused,4,232.2
845,123,559,2025-08-09 04:52:59,Damaged,3,102.24
846,751,692,2020-12-09 22:13:13,Customer Refused,5,68.82
847,706,325,2022-11-01 09:04:06,Customer Refused,6,103.02
848,568,842,2023-09-30 16:38:04,Damaged,4,59.76
849,894,239,2020-07-19 07:50:34,Other,6,192.29
850,498,937,2024-05-23 14:50:46,Expired,1,13.24
851,215,46,2022-05-09 15:20:01,Damaged,2,30.87
852,569,184,2023-10-18 18:50:56,Damaged,1,7.49
853,958,280,2025-09-24 01:06:31,Damaged,1,9.09
854,637,228,2024-03-21 17:47:24,Customer Refused,3,35.45
855,405,305,2024-05-12 09:32:54,Expired,5,74.09
856,30,200,2024-12-14 03:24:15,Damaged,2,70.19
857,333,399,2020-09-27 12:35:45,Damaged,1,20.82
858,241,1,2025-01-23 01:06:37,Other,2,60.7
859,885,400,2021-04-08 22:59:52,Short Supply,2,21.46
860,852,532,2025-04-02 14:33:52,Other,1,33.66
861,808,738,2021-04-28 21:11:12,Other,2,33.59
862,378,444,2020-10-16 15:36:42,Other,1,9.43
863,842,959,2025-08-23 17:54:39,Damaged,2,18.72
864,927,680,2020-04-30 13:38:15,Short Supply,8,308.26
865,627,384,2021-01-03 19:38:34,Damaged,10,153.12
866,569,184,2023-10-18 18:50:56,Other,1,10.32
867,749,603,2020-01-05 14:31:41,Short Supply,8,112.61
868,183,194,2021-05-19 12:45:48,Damaged,1,29.82
869,364,982,2021-05-02 11:58:35,Other,1,24.34
870,891,747,2023-02-08 04:28:35,Customer Refused,1,13.2
871,674,216,2022-09-13 00:09:16,Expired,9,164.91
872,722,985,2022-11-08 13:04:36,Expired,2,48.05
873,344,75,2023-11-24 14:26:35,Damaged,4,39.28
874,553,248,2025-09-08 14:12:26,Damaged,1,12.02
875,800,454,2021-02-13 07:38:25,Customer Refused,4,101.4
876,210,117,2024-11-16 03:51:36,Damaged,2,26.21
877,109,141,2025-07-25 17:17:06,Other,5,281.16
878,598,691,2021-12-29 21:15:48,Expired,7,135.1
879,292,586,2023-02-08 09:54:38,Other,5,182.48
880,361,556,2022-09-15 02:20:24,Other,3,25.64
881,561,395,2020-01-25 00:49:04,Other,6,251.76
882,431,784,2025-05-24 08:34:51,Short Supply,6,79.34
883,269,267,2020-02-09 06:39:59,Expired,5,52.56
884,364,886,2021-05-04 11:58:35,Expired,2,26.43
885,942,242,2022-07-28 19:56:26,Short Supply,7,95.16
886,986,979,2020-04-14 01:18:06,Other,5,96.98
887,771,861,2021-03-17 13:14:52,Damaged,8,104.21
888,967,131,2023-12-04 16:24:20,Damaged,5,51.4
889,364,982,2021-05-05 11:58:35,Damaged,4,106.01
890,677,256,2024-03-25 01:21:42,Other,1,24.49
891,249,974,2020-05-15 20:37:19,Expired,3,26.01
892,874,333,2024-12-06 22:53:27,Damaged,1,10.69
893,227,349,2020-04-18 07:42:26,Expired,2,126.53
894,351,339,2023-11-01 09:29:54,Customer Refused,2,29.76
895,599,501,2020-08-22 05:15:40,Expired,1,29.56
896,533,323,2021-01-24 16:54:26,Damaged,4,51.44
897,458,230,2023-05-11 07:18:55,Expired,3,31.29
898,351,339,2023-11-16 09:29:54,Other,4,48.76
899,229,742,2023-04-29 01:13:41,Other,3,109.69
900,57,51,2023-05-06 22:27:35,Other,7,64.96
901,693,196,2025-10-27 20:35:52,Short Supply,6,198.08
902,585,786,2021-02-08 15:41:41,Customer Refused,1,71.27
903,348,462,2024-08-21 20:20:31,Other,4,47.24
904,6,620,2021-10-20 05:45:12,Expired,1,22.34
905,290,763,2023-09-29 00:23:47,Customer Refused,5,119
906,639,210,2023-09-06 16:09:58,Expired,10,447.03
907,410,907,2022-02-19 22:25:23,Expired,3,29.22
908,227,27,2020-04-26 07:42:26,Damaged,4,47.21
909,587,635,2021-08-30 11:25:36,Expired,4,89.92
910,665,440,2020-05-21 17:35:40,Short Supply,9,550.12
911,157,251,2022-02-04 11:26:04,Other,6,136.32
912,437,189,2024-08-29 02:23:55,Damaged,1,15.12
913,851,457,2024-06-21 10:14:19,Other,1,20.1
914,693,281,2025-10-25 20:35:52,Other,5,210.84
915,347,165,2023-09-17 22:35:24,Short Supply,4,33.55
916,637,932,2024-03-04 17:47:24,Other,1,24.85
917,861,463,2022-06-25 13:19:47,Short Supply,10,91.28
918,200,25,2021-08-24 10:34:14,Short Supply,9,151.84
919,481,512,2025-03-16 00:59:17,Other,6,129.81
920,67,543,2024-07-07 17:29:31,Other,4,122.95
921,57,241,2023-05-13 22:27:35,Customer Refused,1,13.88
922,466,86,2021-12-08 04:52:14,Other,1,38.04
923,598,691,2021-12-21 21:15:48,Expired,5,71.82
924,293,362,2021-01-17 00:49:37,Expired,4,110.32
925,967,441,2023-11-26 16:24:20,Expired,6,81.87
926,380,452,2021-06-15 14:54:12,Expired,4,49.41
927,441,14,2025-06-02 03:44:22,Expired,1,10.05
928,764,650,2020-01-22 13:49:35,Other,1,10.11
929,953,367,2023-02-12 12:16:52,Customer Refused,5,48.12
930,273,166,2020-08-17 05:24:26,Other,2,42.25
931,470,410,2024-09-24 10:41:48,Short Supply,1,50.14
932,971,737,2022-01-08 00:25:59,Customer Refused,4,119.05
933,398,964,2024-09-29 06:50:32,Other,7,177.36
934,288,801,2025-02-24 07:59:24,Short Supply,6,376.76
935,624,634,2025-07-09 02:02:26,Other,2,60.5
936,927,138,2020-05-03 13:38:15,Other,4,46.04
937,229,742,2023-04-30 01:13:41,Other,3,92.29
938,640,404,2025-05-14 07:01:52,Short Supply,3,45.2
939,139,500,2020-06-03 19:35:08,Short Supply,2,31.63
940,492,928,2023-03-21 01:39:41,Customer Refused,3,144.41
941,121,406,2021-09-23 14:19:17,Expired,1,14.87
942,533,353,2021-01-24 16:54:26,Expired,6,77.5
943,713,730,2021-03-21 19:50:45,Customer Refused,7,88.53
944,981,918,2025-02-13 14:05:16,Short Supply,2,28.96
945,305,59,2023-03-28 12:27:49,Expired,1,10.53
946,717,893,2025-06-12 07:49:29,Customer Refused,7,87.13
947,366,187,2021-05-02 13:27:28,Damaged,1,40.32
948,150,76,2022-12-19 15:20:48,Short Supply,2,81.84
949,281,971,2023-01-02 18:31:23,Other,1,59.15
950,565,525,2021-08-21 03:45:16,Customer Refused,1,11.64
951,12,581,2025-09-14 18:38:25,Other,2,16.72
952,134,924,2025-06-27 21:25:54,Other,5,219.36
953,207,600,2024-11-05 21:07:58,Other,6,126.9
954,957,296,2025-06-24 08:26:13,Damaged,3,43.73
955,33,278,2023-02-19 01:38:03,Damaged,4,52.63
956,785,849,2025-06-08 03:49:33,Customer Refused,2,40.32
957,57,29,2023-05-14 22:27:35,Expired,1,8.41
958,791,393,2022-02-06 01:09:26,Other,5,243.44
959,999,175,2021-03-06 06:42:46,Short Supply,3,22.7
960,146,810,2025-01-10 12:31:31,Expired,1,35.52
961,452,390,2023-05-27 21:17:58,Expired,4,180.64
962,528,302,2021-08-31 11:25:05,Expired,4,44.02
963,719,192,2022-12-26 05:25:10,Other,1,27.95
964,625,704,2021-02-16 13:55:34,Expired,6,276.19
965,819,506,2023-10-25 22:16:45,Damaged,2,101.57
966,211,185,2023-01-18 15:52:00,Customer Refused,2,27.43
967,523,547,2024-05-14 15:35:19,Other,1,14.22
968,842,162,2025-08-28 17:54:39,Customer Refused,1,31.2
969,508,409,2025-09-16 08:42:04,Customer Refused,9,69.13
970,512,923,2023-05-06 15:07:00,Short Supply,3,102.41
971,408,702,2024-02-06 14:21:48,Customer Refused,8,236.61
972,353,546,2020-08-31 08:19:42,Damaged,5,122
973,598,794,2022-01-07 21:15:48,Other,2,142.17
974,469,541,2021-09-12 10:42:11,Other,3,36.63
975,621,997,2023-11-16 17:52:08,Other,1,11.41
976,233,448,2023-12-08 19:26:20,Customer Refused,3,47.37
977,908,129,2023-11-28 21:30:58,Expired,3,31.88
978,854,874,2021-10-03 16:07:45,Short Supply,2,17.58
979,170,734,2022-10-02 00:35:13,Other,6,338.45
980,499,682,2021-05-29 14:29:11,Other,7,322.97
981,428,140,2021-09-27 05:31:59,Expired,1,12.79
982,896,695,2024-07-12 04:26:47,Short Supply,1,8.11
983,207,584,2024-11-03 21:07:58,Customer Refused,5,78.13
984,490,327,2022-01-03 14:38:43,Customer Refused,3,41.62
985,244,679,2025-02-08 14:26:42,Expired,8,76.76
986,520,583,2024-10-02 05:07:09,Expired,6,171.82
987,677,256,2024-04-06 01:21:42,Short Supply,4,81.6
988,553,227,2025-09-14 14:12:26,Short Supply,3,130.2
989,971,54,2022-01-06 00:25:59,Other,3,86.7
990,610,885,2022-03-13 03:57:08,Customer Refused,7,60.62
991,139,867,2020-06-14 19:35:08,Expired,5,48.68
992,572,337,2022-03-29 18:45:17,Other,7,290.14
993,47,558,2023-04-16 13:26:21,Short Supply,6,88.18
994,155,871,2021-03-04 08:21:45,Short Supply,4,76.58
995,553,666,2025-09-08 14:12:26,Customer Refused,3,30.9
996,723,106,2022-08-05 08:25:46,Short Supply,2,54.85
997,358,68,2025-01-19 03:27:58,Other,1,19.28
998,371,821,2020-04-19 18:27:22,Customer Refused,8,80.89
999,112,169,2021-12-15 16:02:04,Customer Refused,2,45.96
1000,435,591,2022-06-28 03:10:39,Customer Refused,4,116.71
