SalesID,OrderID,ProductID,SupplierID,Quantity,UnitPrice,DiscountPct,TaxPct,LineTotal
1,241,779,3,60,49.43,2,28,3720.09
2,707,563,2,40,15.01,7.5,28,710.76
3,137,590,2,120,67.05,3,28,9990.44
4,187,380,1,48,79.63,0,28,4892.17
5,118,203,1,48,14.32,5,28,836.02
6,737,52,1,20,14.8,0,28,378.77
7,675,577,2,72,24.29,3,28,2171.61
8,828,698,2,120,25.61,2,18,3553.4
9,465,679,2,72,57.88,2,28,5227.63
10,902,70,1,40,71.53,3,28,3552.32
11,514,343,1,36,15.39,3,28,688.08
12,376,309,1,48,60.53,5,28,3533.26
13,642,775,3,72,16.72,2,28,1510.45
14,441,173,1,36,14.48,0,28,667.27
15,175,739,2,72,59.79,3,28,5345.24
16,418,292,1,40,12.66,0,28,648.03
17,181,525,2,12,22.1,2,28,332.7
18,853,60,1,20,79.04,0,28,2023.5
19,322,314,1,12,17.06,7.5,28,242.36
20,894,879,3,30,56.31,2,28,2119.24
21,551,476,1,18,24.22,5,28,530.17
22,903,810,3,36,59.99,7.5,28,2556.84
23,706,978,3,60,32.69,5,28,2385.19
24,262,167,1,6,32.66,2,28,245.79
25,200,815,3,48,17.81,0,28,1094.11
26,371,554,2,36,15.03,7.5,28,640.47
27,227,925,3,6,19.19,5,28,139.98
28,647,102,1,96,12.46,2,28,1500.9
29,57,732,2,30,13.7,7.5,28,486.56
30,907,767,3,6,28.17,0,28,216.34
31,361,244,1,48,10.68,2,18,592.69
32,808,951,3,10,9.51,3,28,118.03
33,930,942,3,20,12.77,2,28,320.41
34,249,480,1,48,63.6,5,28,3712.23
35,459,693,2,6,11.99,3,18,82.33
36,539,908,3,10,20.94,2,18,242.16
37,787,925,3,24,21.27,7.5,28,604.32
38,543,532,2,24,12.49,2,28,376.04
39,916,255,1,48,17.51,0,18,991.56
40,703,333,1,60,15.12,3,28,1126.1
41,10,951,3,72,9.91,0,28,913.01
42,186,37,1,12,31.26,5,28,456.21
43,500,368,1,30,33.52,7.5,28,1190.49
44,754,610,2,20,58.52,0,28,1498.09
45,599,888,3,120,22.19,7.5,18,2906.03
46,215,175,1,120,21.38,7.5,28,3037.22
47,831,696,2,18,18.42,3,18,379.41
48,880,428,1,18,41.17,2,28,929.62
49,701,554,2,10,13.58,2,28,170.29
50,799,945,3,12,20.48,0,28,314.62
51,57,412,1,30,14.82,7.5,28,526.47
52,70,60,1,20,66.2,3,28,1643.96
53,907,803,3,6,12.32,7.5,28,87.52
54,971,387,1,20,29.14,2,28,730.95
55,824,723,2,10,15.67,0,28,200.57
56,25,692,2,18,11.56,0,18,245.62
57,381,254,1,24,11.78,0,18,333.5
58,38,771,3,72,10.18,2,28,919.22
59,305,154,1,12,17.32,2,28,260.66
60,742,44,1,96,18.27,3,28,2177.85
61,14,468,1,40,36.75,7.5,28,1740.35
62,283,239,1,12,62.34,3,28,928.83
63,231,57,1,40,30.84,7.5,28,1460.72
64,529,626,2,96,22.29,3,28,2656.64
65,217,616,2,36,22.15,3,28,990
66,769,895,3,30,16.42,2,18,569.73
67,728,537,2,60,29.94,5,28,2184.39
68,358,866,3,20,23.04,0,28,589.71
69,247,35,1,120,20.19,5,28,2946.15
70,97,876,3,72,22.59,7.5,28,1925.78
71,13,154,1,40,15.39,0,28,788.18
72,652,663,2,60,13.02,5,28,949.72
73,156,723,2,30,15.54,3,28,578.98
74,100,616,2,72,22.39,0,28,2063.06
75,344,741,2,24,10.28,2,28,309.57
76,150,729,2,72,48.79,0,28,4496.66
77,923,359,1,30,52.47,2,28,1974.39
78,134,888,3,24,21.73,2,18,602.95
79,274,217,1,24,31.9,2,28,960.27
80,820,446,1,96,27.59,3,28,3288.97
81,217,456,1,10,21.75,0,28,278.37
82,47,614,2,120,16.72,3,28,2490.57
83,355,13,1,12,14.61,7.5,28,207.62
84,838,302,1,36,11.94,3,28,533.62
85,391,48,1,72,41.23,7.5,28,3514.81
86,466,418,1,18,39,7.5,28,831.11
87,753,955,3,40,20.91,2,28,1049.26
88,320,331,1,24,12.45,0,28,382.52
89,424,477,1,20,28.05,0,28,718.1
90,689,52,1,12,13.89,5,28,202.73
91,463,434,1,18,17.4,7.5,28,370.83
92,831,366,1,36,22.8,5,28,998.16
93,362,933,3,10,15.52,2,28,194.64
94,546,252,1,10,10.47,3,18,119.82
95,934,756,2,36,25.06,0,28,1154.59
96,777,193,1,12,13.31,2,28,200.35
97,123,83,1,30,14.19,7.5,28,503.95
98,38,242,1,18,10.07,5,18,203.17
99,841,832,3,24,11.44,7.5,28,325.02
100,711,654,2,96,17.42,0,28,2140.43
101,910,389,1,60,52.24,7.5,28,3711.12
102,602,624,2,36,15.3,0,28,705.2
103,596,526,2,96,21.78,2,28,2622.5
104,542,213,1,10,14.13,3,28,175.41
105,202,242,1,36,9.97,2,18,415.06
106,723,458,1,6,39.68,7.5,28,281.91
107,710,601,2,96,11.84,5,28,1381.93
108,15,5,1,18,21.97,7.5,28,468.27
109,686,172,1,6,12.6,2,28,94.86
110,362,905,3,60,15.17,2,18,1052.43
111,410,113,1,40,17.01,0,28,870.89
112,178,641,2,6,11.02,5,28,80.41
113,550,727,2,12,29.11,3,28,433.76
114,250,556,2,36,21.86,5,28,956.83
115,446,722,2,18,13.69,5,28,299.7
116,819,78,1,60,39.15,7.5,28,2781.47
117,210,164,1,72,15.98,2,28,1443.5
118,907,23,1,72,15.63,5,28,1368.12
119,827,866,3,36,23.47,0,28,1081.28
120,169,445,1,6,22.09,3,28,164.59
121,599,655,2,60,18.97,5,28,1384.4
122,873,719,2,48,36.6,5,18,1969.3
123,909,75,1,96,22.79,5,28,2659.97
124,876,55,1,6,21.99,2,28,165.53
125,280,742,2,36,15.26,2,28,689.14
126,326,480,1,96,74.88,3,28,8925.44
127,394,911,3,120,8.14,5,18,1094.76
128,756,188,1,60,42.53,3,28,3168.28
129,908,943,3,10,12.93,5,28,157.27
130,453,478,1,60,33.33,5,28,2432.02
131,967,604,2,60,13.68,3,28,1019
132,389,427,1,40,27.67,7.5,28,1310.22
133,728,78,1,48,37.14,5,28,2167.86
134,80,696,2,36,19.38,7.5,18,761.39
135,220,645,2,40,23.34,0,28,1194.9
136,335,479,1,40,53.97,0,28,2763.15
137,259,254,1,6,12.13,7.5,18,79.43
138,927,24,1,120,14.59,5,28,2129.46
139,194,230,1,40,62.83,0,28,3216.72
140,428,545,2,12,21.12,2,28,317.92
141,109,70,1,120,73.35,0,28,11267.04
142,391,584,2,20,16.1,3,28,399.73
143,470,143,1,18,13.22,0,28,304.7
144,898,905,3,60,14.61,2,18,1013.62
145,377,743,2,36,14.18,7.5,28,604.21
146,929,145,1,24,20.66,2,28,622.1
147,855,245,1,12,14.18,7.5,18,185.72
148,522,964,3,20,12.93,3,28,321.06
149,340,560,2,72,70.88,7.5,28,6042.13
150,804,889,3,40,28.61,3,18,1309.82
151,569,277,1,48,19.84,2,18,1101.26
152,882,312,1,10,14.37,7.5,28,170.13
153,442,511,1,40,11.11,5,28,540.27
154,119,553,2,96,15.3,5,28,1786.24
155,889,104,1,20,15.23,5,28,370.36
156,626,483,1,36,14.16,5,28,619.69
157,399,760,2,72,68.54,5,28,6001.23
158,816,290,1,48,65.9,3,28,3927.63
159,520,216,1,30,27.07,2,28,1018.66
160,376,770,3,20,62.58,7.5,28,1481.81
161,24,991,3,10,11.75,5,28,142.9
162,842,798,3,18,32.71,0,28,753.61
163,94,973,3,72,11.58,5,28,1013.46
164,445,255,1,30,15.68,3,18,538.45
165,347,171,1,40,12.33,5,28,599.93
166,273,528,2,48,33.47,2,28,2015.17
167,6,859,3,120,45.08,5,28,6577.91
168,556,819,3,96,46.9,2,28,5647.72
169,112,176,1,18,27.64,0,28,636.71
170,24,954,3,48,14.39,0,28,884.18
171,939,766,3,72,22.47,0,28,2070.51
172,341,116,1,72,27.97,5,28,2448.43
173,224,654,2,10,17.99,5,28,218.76
174,830,391,1,24,11.19,3,28,333.33
175,999,512,1,10,12.56,7.5,28,148.71
176,550,160,1,6,63.49,7.5,28,451.04
177,203,838,3,72,37.63,2,28,3398.49
178,298,381,1,18,12.68,5,28,277.63
179,78,317,1,6,27.03,3,28,201.37
180,543,529,2,30,61.18,0,28,2349.18
181,678,36,1,72,28.08,2,28,2535.73
182,603,716,2,60,16.7,0,18,1182.2
183,809,939,3,30,50.23,7.5,28,1784.01
184,569,531,2,96,11.88,3,28,1416.17
185,211,423,1,40,14.19,5,28,690.38
186,325,201,1,12,10.61,3,28,158.15
187,366,790,3,6,64.92,0,28,498.58
188,618,536,2,72,22.38,7.5,28,1907.63
189,437,145,1,30,21.12,3,28,786.49
190,610,870,3,36,56.66,0,28,2610.85
191,365,898,3,36,23.93,2,18,996.13
192,719,116,1,96,28.19,5,28,3291.13
193,524,471,1,120,12.46,3,28,1855.98
194,183,458,1,6,37.05,0,28,284.53
195,738,739,2,36,53.89,3,28,2408.55
196,693,638,2,12,39.22,7.5,28,557.23
197,464,85,1,96,21.27,2,28,2561.65
198,918,988,3,12,29.36,0,28,451.05
199,714,215,1,60,24.27,0,28,1864.28
200,30,139,1,18,47.56,2,28,1073.84
201,85,811,3,120,10.61,0,28,1629.54
202,75,557,2,12,25.93,0,28,398.28
203,694,284,1,24,15.62,3,28,465.49
204,658,772,3,20,11.64,5,28,283.04
205,322,695,2,10,16.64,2,18,192.4
206,852,573,2,36,14.68,3,28,656.19
207,262,618,2,12,37.8,0,28,580.65
208,500,373,1,24,15.33,0,28,470.84
209,687,36,1,60,23.72,7.5,28,1685.17
210,639,210,1,24,69.06,5,28,2015.44
211,572,917,3,18,19.64,7.5,18,385.94
212,259,526,2,24,25.52,3,28,760.36
213,351,671,2,60,10.74,0,28,824.51
214,373,220,1,48,77.8,7.5,28,4421.31
215,574,539,2,6,50.36,2,28,379.01
216,674,586,2,18,24.35,0,28,561.07
217,576,2,1,48,12.77,5,28,745.57
218,294,643,2,72,14.02,3,28,1253.6
219,187,618,2,40,36.63,2,28,1838.11
220,752,828,3,20,29.21,0,28,747.71
221,975,348,1,24,35.43,0,28,1088.45
222,46,125,1,10,20.75,2,28,260.33
223,981,387,1,10,24.38,5,28,296.45
224,483,772,3,12,13.75,0,28,211.24
225,446,778,3,30,32.68,5,28,1192.22
226,890,319,1,30,49.12,3,28,1829.47
227,553,649,2,30,48.86,3,28,1819.86
228,637,173,1,24,13.83,7.5,28,392.97
229,704,31,1,6,10.26,7.5,28,72.91
230,458,322,1,10,12.51,2,28,156.9
231,6,12,1,60,15.59,5,28,1137.73
232,526,770,3,30,69.13,7.5,28,2455.58
233,890,310,1,18,65.99,2,28,1490.05
234,462,67,1,60,32.65,7.5,28,2319.41
235,806,382,1,60,13.56,0,28,1041.44
236,29,769,3,120,49.22,2,28,7408.76
237,699,376,1,24,23.97,2,28,721.63
238,22,243,1,18,12.57,0,18,266.94
239,894,789,3,6,52.93,3,28,394.29
240,790,53,1,10,14.04,7.5,28,166.19
241,57,35,1,10,18.23,7.5,28,215.87
242,942,34,1,20,16.46,7.5,28,389.69
243,315,332,1,96,11.83,5,28,1380.96
244,187,221,1,24,12,2,28,361.26
245,248,337,1,40,30.88,2,28,1549.3
246,906,215,1,6,23.75,3,28,176.93
247,443,237,1,120,27.15,5,28,3961.27
248,553,274,1,96,12.62,5,18,1358.09
249,434,464,1,36,13.69,2,28,618.24
250,411,428,1,12,38.07,0,28,584.82
251,157,395,1,24,25.13,5,28,733.52
252,552,613,2,24,15.21,5,28,443.94
253,661,226,1,12,25.61,7.5,28,363.83
254,402,701,2,10,8.22,3,18,94.09
255,370,909,3,6,32.38,5,18,217.8
256,677,36,1,120,26.09,7.5,28,3706.49
257,684,515,1,120,21.67,7.5,28,3079.34
258,528,968,3,10,32.66,2,28,409.7
259,950,231,1,40,11.59,2,28,581.37
260,258,902,3,36,8.04,3,18,331.26
261,127,470,1,120,70.15,2,28,10559.65
262,775,394,1,120,18.97,5,28,2767.63
263,907,283,1,120,15.31,5,28,2233.81
264,607,569,2,36,44.85,5,28,1963.34
265,319,493,1,36,14.58,2,28,658.48
266,14,608,2,120,34.53,3,28,5144.27
267,269,484,1,96,17.17,5,28,2004.71
268,636,933,3,20,12.6,7.5,28,298.3
269,437,865,3,12,17.25,0,28,264.95
270,964,705,2,10,16.91,2,18,195.56
271,358,105,1,10,21.83,3,28,271.1
272,895,358,1,40,35.38,0,28,1811.56
273,436,200,1,30,78.37,5,28,2859
274,24,762,3,36,12.15,0,28,559.88
275,306,66,1,12,27,2,28,406.45
276,458,125,1,20,22.02,7.5,28,521.4
277,158,656,2,120,21.91,2,28,3298.69
278,33,44,1,18,17.26,2,28,389.78
279,60,653,2,6,16.3,7.5,28,115.83
280,958,831,3,10,9.59,7.5,28,113.54
281,693,669,2,24,55.63,3,28,1657.59
282,680,646,2,20,27.61,2,28,692.79
283,957,427,1,12,30.93,3,28,460.86
284,82,1,1,36,10.7,3,28,478.41
285,916,718,2,72,23.93,7.5,18,1880.81
286,466,837,3,20,27.4,5,28,666.3
287,227,306,1,18,22.52,3,28,503.28
288,549,856,3,20,24.59,0,28,629.57
289,976,631,2,96,10.73,3,28,1279.36
290,626,942,3,72,12.24,3,28,1094.61
291,900,87,1,72,27.28,2,28,2463.84
292,934,676,2,40,21.61,2,28,1084.24
293,678,227,1,18,33.59,2,28,758.35
294,129,29,1,18,50.9,2,28,1149.37
295,660,268,1,40,29.17,5,18,1308.17
296,957,976,3,30,19.35,0,28,742.99
297,284,662,2,30,11.59,3,28,431.65
298,998,167,1,36,25.89,5,28,1133.18
299,961,876,3,20,22.63,7.5,28,535.98
300,34,679,2,18,58.47,2,28,1320.28
301,743,28,1,20,33.61,7.5,28,795.88
302,528,441,1,20,11.06,0,28,283.12
303,923,586,2,120,24.62,5,28,3592.53
304,107,118,1,20,33.85,5,28,823.27
305,405,856,3,40,20.29,5,28,986.71
306,830,428,1,40,41.37,7.5,28,1959.21
307,302,544,2,40,15.32,5,28,745.38
308,750,733,2,36,14.93,0,28,688.1
309,235,710,2,48,43.29,5,18,2329.22
310,847,48,1,24,41.42,3,28,1234.33
311,650,536,2,72,27.61,0,28,2544.66
312,527,912,3,96,8.31,2,18,922.05
313,963,210,1,48,72.06,3,28,4294.76
314,346,545,2,48,19.62,5,28,1145.27
315,690,11,1,20,10.86,2,28,272.5
316,644,262,1,40,10.32,7.5,18,450.67
317,899,288,1,20,38.89,7.5,28,920.83
318,679,754,2,60,17.24,7.5,28,1224.8
319,378,18,1,20,41.79,5,28,1016.31
320,336,78,1,24,39.03,0,28,1199.02
321,19,182,1,20,14.82,2,28,371.81
322,416,169,1,20,53.93,2,28,1353.11
323,533,114,1,48,17.13,5,28,1000
324,890,297,1,12,34.71,0,28,533.19
325,706,424,1,6,18.71,2,28,140.8
326,696,822,3,30,12.22,0,28,469.17
327,490,35,1,36,20,2,28,903
328,363,681,2,36,8.57,2,18,356.92
329,581,962,3,10,11.41,3,28,141.64
330,702,577,2,24,27.57,7.5,28,783.53
331,439,107,1,12,31.79,0,28,488.27
332,683,277,1,48,23.22,7.5,18,1216.44
333,874,724,2,48,14.8,0,28,909.26
334,904,584,2,60,15.79,7.5,28,1122.04
335,556,717,2,24,19.93,7.5,18,522.05
336,529,435,1,6,19.78,7.5,28,140.49
337,572,229,1,12,54.22,3,28,807.89
338,374,42,1,120,13.01,5,28,1898.78
339,351,154,1,60,15.82,5,28,1154.46
340,340,784,3,30,13.94,3,28,519.22
341,322,255,1,96,16.23,3,18,1783.37
342,204,940,3,6,57.4,0,28,440.83
343,803,849,3,72,51.32,2,28,4634.73
344,760,767,3,20,23.74,2,28,595.67
345,899,77,1,120,29.12,0,28,4472.75
346,714,978,3,48,31.06,2,28,1870.01
347,797,379,1,18,54.96,5,28,1202.86
348,64,331,1,20,12.97,2,28,325.4
349,227,119,1,6,63.94,7.5,28,454.22
350,418,172,1,40,12.61,3,28,626.36
351,942,582,2,6,12.6,2,28,94.83
352,157,672,2,72,13.05,3,28,1166.82
353,533,174,1,18,17.54,5,28,383.93
354,996,801,3,40,9.47,2,28,475.35
355,964,845,3,36,18.04,3,28,806.2
356,774,142,1,48,13.53,3,28,806.36
357,295,241,1,40,10.17,2,18,470.25
358,408,404,1,30,14.72,2,28,553.78
359,33,887,3,120,16.14,5,18,2171.82
360,158,643,2,24,13.92,5,28,406.2
361,151,894,3,6,11.29,7.5,18,73.96
362,293,368,1,40,31.65,2,28,1588.03
363,84,68,1,96,35.36,7.5,28,4018.62
364,669,223,1,48,16.14,2,28,971.98
365,619,406,1,18,25.81,0,28,594.64
366,836,404,1,12,15.64,7.5,28,222.18
367,953,852,3,60,10.48,0,28,805.23
368,172,134,1,120,15.22,0,28,2337.52
369,714,803,3,30,12.59,0,28,483.28
370,970,854,3,24,14.99,3,28,446.63
371,163,194,1,40,18.96,3,28,941.72
372,57,345,1,48,19.84,7.5,28,1127.62
373,71,601,2,96,13.14,5,28,1533.53
374,72,665,2,10,21.47,5,28,261.1
375,476,590,2,72,79.05,2,28,7139.16
376,776,63,1,40,14.58,7.5,28,690.64
377,186,114,1,96,17.4,7.5,28,1977.53
378,584,377,1,12,27.18,5,28,396.62
379,137,991,3,48,12.19,0,28,749.17
380,246,59,1,60,50.98,0,28,3915.37
381,338,24,1,30,14.96,7.5,28,531.42
382,407,788,3,36,27.51,0,28,1267.68
383,514,572,2,96,14.18,7.5,28,1611.97
384,627,495,1,96,20.35,5,28,2375.91
385,877,5,1,48,21.5,5,28,1255.05
386,988,568,2,48,34.25,0,28,2104.05
387,485,454,1,24,16.18,5,28,472.32
388,828,161,1,6,12.18,5,28,88.86
389,613,808,3,48,28.94,0,28,1777.77
390,452,829,3,20,49.66,0,28,1271.4
391,856,459,1,30,53.31,0,28,2046.94
392,260,758,2,20,36.46,7.5,28,863.39
393,791,350,1,6,63.81,2,28,480.22
394,980,560,2,24,65.07,3,28,1938.94
395,561,208,1,18,42.43,5,28,928.64
396,117,646,2,18,27.49,2,28,620.81
397,788,78,1,18,41.07,3,28,917.79
398,865,560,2,18,69.2,7.5,28,1474.89
399,333,306,1,12,24.56,2,28,369.66
400,885,223,1,18,16.05,2,28,362.29
401,409,388,1,48,39.82,7.5,28,2262.8
402,775,268,1,12,28.41,7.5,18,372.17
403,862,554,2,36,15.07,3,28,673.79
404,640,645,2,72,21.54,7.5,28,1836.41
405,9,944,3,18,12.93,2,28,291.93
406,121,484,1,10,16.17,7.5,28,191.5
407,568,549,2,24,54.78,3,28,1632.39
408,289,857,3,60,28.55,7.5,28,2027.96
409,508,641,2,12,11.41,3,28,170.05
410,470,139,1,20,56.13,7.5,28,1329.14
411,101,119,1,40,58.8,0,28,3010.67
412,126,759,2,60,45.56,7.5,28,3236.8
413,426,512,1,24,12.15,0,28,373.25
414,474,1,1,36,11.78,5,28,515.69
415,179,883,3,96,11.16,2,18,1239.2
416,209,581,2,60,11.06,3,28,823.64
417,534,808,3,48,30.05,3,28,1790.67
418,892,957,3,60,26.44,2,28,1989.67
419,370,138,1,120,32.6,5,28,4757.71
420,254,913,3,120,10.03,3,18,1377.8
421,476,461,1,60,13.41,3,28,998.9
422,72,362,1,20,13.22,0,28,338.44
423,52,380,1,6,68.54,3,28,510.61
424,759,359,1,72,61.64,2,28,5567.41
425,668,757,2,20,24.76,3,28,614.75
426,594,990,3,24,56.04,7.5,28,1592.44
427,586,652,2,12,14.06,3,28,209.53
428,992,31,1,72,11.81,7.5,28,1006.73
429,106,573,2,40,15.92,5,28,774.35
430,453,491,1,40,10.41,0,28,533.2
431,34,770,3,72,67.45,5,28,5905.19
432,201,562,2,48,11.65,5,28,680.25
433,724,623,2,72,16.48,2,28,1488.15
434,830,78,1,60,38.89,7.5,28,2762.47
435,181,854,3,30,12.42,3,28,462.77
436,1,840,3,36,55.51,0,28,2558.05
437,965,484,1,60,17.72,2,28,1333.85
438,536,542,2,24,11.36,0,28,348.83
439,347,827,3,36,26.61,2,28,1201.45
440,665,200,1,12,68.29,7.5,28,970.3
441,967,435,1,18,20.96,0,28,482.94
442,448,594,2,36,15.04,3,28,672.3
443,957,967,3,120,25.88,0,28,3975.26
444,378,621,2,72,11.82,2,28,1067.76
445,735,783,3,12,14.68,2,28,221.01
446,187,694,2,60,12,0,18,849.3
447,787,178,1,30,35.53,5,28,1296.24
448,233,997,3,36,25.84,7.5,28,1101.59
449,843,830,3,10,55.46,0,28,709.9
450,982,167,1,12,29.44,2,28,443.1
451,417,382,1,30,15.46,3,28,575.84
452,380,112,1,12,12.69,3,28,189.02
453,609,421,1,12,12.6,3,28,187.74
454,800,377,1,48,33.2,3,28,1978.55
455,302,227,1,60,33.38,2,28,2512.39
456,310,77,1,24,32.11,3,28,956.68
457,851,456,1,48,25.48,3,28,1518.28
458,197,297,1,24,28.56,3,28,851.08
459,133,493,1,18,15.83,3,28,353.79
460,484,570,2,12,68.17,7.5,28,968.55
461,86,505,1,48,18.36,5,28,1071.49
462,348,12,1,18,15.28,5,28,334.41
463,861,891,3,6,9.38,0,18,66.41
464,318,320,1,24,71.1,3,28,2118.76
465,89,671,2,24,11.4,7.5,28,323.81
466,694,219,1,40,56.61,5,28,2753.3
467,980,807,3,36,26.4,5,28,1155.63
468,933,491,1,12,9.75,2,28,146.81
469,233,931,3,6,10.23,7.5,28,72.67
470,300,756,2,10,22.67,5,28,275.67
471,343,784,3,18,14.76,7.5,28,314.52
472,517,921,3,18,10.67,7.5,28,227.36
473,816,103,1,20,16.74,2,28,420.04
474,497,496,1,6,20.35,2,28,153.19
475,223,873,3,24,12.04,5,28,351.23
476,992,474,1,30,16.49,7.5,28,585.86
477,868,246,1,72,16.75,0,18,1423.12
478,819,388,1,24,33.11,2,28,996.8
479,713,129,1,30,53.47,3,28,1991.63
480,743,206,1,36,25.16,7.5,28,1072.33
481,60,494,1,120,15.67,2,28,2358.61
482,511,98,1,6,39.19,5,28,285.96
483,485,528,2,6,32.2,3,28,239.89
484,268,292,1,72,12.19,7.5,28,1039.47
485,245,357,1,48,30.83,5,28,1799.41
486,503,784,3,12,13.14,0,28,201.8
487,784,386,1,36,26.57,5,28,1162.99
488,123,135,1,60,23.8,0,28,1827.58
489,381,532,2,18,13.95,7.5,28,297.38
490,479,135,1,60,20.99,5,28,1531.36
491,791,358,1,20,31.49,2,28,790.12
492,115,259,1,36,31.55,3,18,1300.12
493,26,4,1,10,15.55,5,28,189.1
494,413,897,3,36,16.93,0,18,719.38
495,652,595,2,48,20.45,3,28,1218.51
496,223,429,1,48,51.13,7.5,28,2905.73
497,330,109,1,120,49.24,7.5,28,6996.19
498,768,13,1,18,17.23,7.5,28,367.3
499,941,320,1,6,69.2,7.5,28,491.58
500,139,126,1,30,23.52,7.5,28,835.41
501,599,547,2,40,30.53,2,28,1532.07
502,254,857,3,60,29.46,0,28,2262.9
503,498,441,1,6,12.89,7.5,28,91.6
504,850,295,1,30,20.59,7.5,28,731.52
505,169,118,1,120,37.95,7.5,28,5391.4
506,819,179,1,40,52.6,2,28,2639.18
507,287,744,2,6,14.21,0,28,109.1
508,498,84,1,30,14.67,0,28,563.23
509,415,383,1,96,14.79,2,28,1781.15
510,243,518,1,36,38.49,3,28,1720.33
511,125,917,3,24,19.14,5,18,515.06
512,481,218,1,18,35.78,0,28,824.42
513,990,878,3,6,34.15,3,28,254.39
514,639,275,1,30,16.62,2,18,576.48
515,661,4,1,60,15.25,2,28,1147.98
516,809,406,1,60,26.27,5,28,1916.72
517,309,595,2,20,22.44,3,28,557.24
518,677,718,2,96,26.97,7.5,18,2826.1
519,916,623,2,18,15.1,0,28,347.83
520,505,805,3,10,21.78,5,28,264.88
521,619,189,1,6,54.4,7.5,28,386.45
522,714,510,1,96,65.31,7.5,28,7422.86
523,598,653,2,6,15.84,7.5,28,112.5
524,720,714,2,30,10.39,3,18,356.75
525,565,965,3,12,16.94,0,28,260.18
526,761,208,1,36,39.31,2,28,1775.32
527,214,259,1,24,31.19,7.5,18,817.01
528,432,929,3,48,40.49,7.5,28,2301.36
529,154,468,1,120,37.59,7.5,28,5340.41
530,832,43,1,30,14.04,0,28,538.96
531,383,676,2,6,20.57,5,28,150.06
532,852,270,1,18,44.31,5,18,894.03
533,621,218,1,60,38.92,3,28,2899.7
534,719,959,3,96,50.06,7.5,28,5689.8
535,364,125,1,10,19.7,2,28,247.13
536,473,771,3,96,9.63,3,28,1148.33
537,800,683,2,36,10.54,3,18,434.5
538,506,867,3,40,30.27,0,28,1549.57
539,457,562,2,60,11.98,5,28,873.99
540,612,135,1,40,22,2,28,1103.65
541,469,51,1,48,12.31,0,28,756.12
542,508,124,1,10,14.24,0,28,182.22
543,67,398,1,30,34.25,3,28,1275.89
544,330,400,1,60,76.87,0,28,5903.83
545,746,774,3,10,12.4,3,28,153.94
546,353,578,2,120,36.21,2,28,5451.09
547,523,815,3,36,20.04,5,28,877.4
548,349,570,2,20,67.73,2,28,1699.23
549,544,777,3,10,25.27,2,28,317.03
550,735,81,1,36,12.36,3,28,552.47
551,37,753,2,48,16.33,2,28,983.06
552,865,530,2,10,62.92,2,28,789.29
553,215,525,2,72,23.42,5,28,2050.69
554,901,857,3,6,28.75,0,28,220.76
555,29,409,1,10,48.71,0,28,623.55
556,361,492,1,10,14.14,7.5,28,167.4
557,101,129,1,72,60.66,7.5,28,5170.94
558,47,685,2,6,18.04,0,18,127.71
559,123,649,2,12,51.59,7.5,28,733.02
560,649,160,1,10,70.65,2,28,886.27
561,633,458,1,72,36.65,0,28,3377.53
562,509,569,2,96,48.64,7.5,28,5528.85
563,916,370,1,48,78.58,5,28,4586.45
564,412,510,1,36,67.78,5,28,2967.3
565,176,132,1,40,12.53,2,28,628.74
566,84,896,3,36,17.38,0,18,738.22
567,433,877,3,40,24.04,5,28,1169.45
568,72,716,2,24,17.21,7.5,18,450.8
569,525,584,2,40,14.38,2,28,721.65
570,612,655,2,60,22.32,7.5,28,1585.58
571,744,819,3,48,44.32,7.5,28,2518.93
572,315,141,1,24,12.11,2,28,364.65
573,351,443,1,6,15.56,2,28,117.15
574,47,133,1,18,16.5,0,28,380.22
575,289,311,1,30,13.36,3,28,497.65
576,228,976,3,120,18.42,3,28,2744.36
577,374,226,1,96,26.5,3,28,3158.12
578,570,857,3,6,27.19,0,28,208.78
579,170,617,2,20,24.43,3,28,606.53
580,748,189,1,18,51.55,3,28,1152.07
581,12,272,1,10,10.38,2,18,120.05
582,514,256,1,36,18.13,3,18,747.1
583,520,848,3,24,35.95,2,28,1082.29
584,207,205,1,40,21.7,2,28,1088.76
585,624,923,3,96,12.82,0,28,1575.86
586,292,129,1,18,49.52,2,28,1118.17
587,286,823,3,72,13.7,7.5,28,1168.02
588,8,607,2,72,25.5,0,28,2349.69
589,378,427,1,20,28.17,7.5,28,667.06
590,535,417,1,120,29.01,0,28,4456.49
591,435,547,2,96,32.32,7.5,28,3674.09
592,157,123,1,18,16.22,7.5,28,345.58
593,79,215,1,120,20.28,5,28,2959.64
594,259,115,1,120,17.86,5,28,2605.66
595,787,783,3,120,15.65,3,28,2331.33
596,169,798,3,60,31,5,28,2261.42
597,191,235,1,30,19.83,5,28,723.31
598,923,675,2,36,20.3,5,28,888.54
599,11,961,3,72,9.42,5,28,824.52
600,207,958,3,24,28.47,2,28,857.17
601,950,342,1,12,13.32,7.5,28,189.28
602,298,560,2,60,68.78,5,28,5018.17
603,749,203,1,36,15.35,5,28,672.15
604,981,276,1,30,17.73,0,18,627.52
605,629,731,2,6,10.93,7.5,28,77.63
606,736,342,1,40,12.43,5,28,604.36
607,486,747,2,96,25.29,3,28,3014.32
608,215,153,1,12,14.8,5,28,216.03
609,7,261,1,6,10.01,2,18,69.43
610,37,75,1,36,19.08,3,28,852.99
611,314,913,3,96,9.17,3,18,1007.91
612,161,59,1,18,57.11,2,28,1289.48
613,69,131,1,10,12.54,0,28,160.45
614,424,21,1,48,11.97,0,28,735.59
615,178,482,1,12,14.02,3,28,208.86
616,890,662,2,12,13.08,5,28,190.9
617,327,831,3,10,10.08,0,28,129.04
618,849,72,1,72,12.46,7.5,28,1062.41
619,799,636,2,96,24.72,0,28,3037.19
620,6,777,3,30,25.89,2,28,974.13
621,206,536,2,36,25.28,0,28,1164.75
622,778,358,1,30,37.71,0,28,1448
623,106,973,3,72,13.3,7.5,28,1133.62
624,482,340,1,48,67.45,2,28,4061.51
625,773,931,3,20,10.33,3,28,256.46
626,540,127,1,6,27.98,2,28,210.56
627,805,920,3,6,45.57,3,18,312.99
628,382,312,1,60,12.12,5,28,884.37
629,674,943,3,10,13.43,7.5,28,158.99
630,544,376,1,40,23.66,3,28,1175.04
631,201,666,2,72,27.75,0,28,2557.86
632,957,231,1,30,11.31,3,28,421.21
633,196,851,3,24,12.03,5,28,351.2
634,624,829,3,72,47.56,5,28,4163.94
635,587,277,1,120,22.52,5,18,3029.19
636,110,732,2,6,12.4,3,28,92.38
637,945,710,2,120,43.75,5,18,5885.53
638,439,432,1,30,14.17,5,28,516.93
639,158,186,1,40,21.31,0,28,1091.22
640,66,525,2,10,20.24,2,28,253.87
641,90,835,3,40,18.76,7.5,28,888.32
642,984,951,3,72,11.21,7.5,28,955.33
643,115,312,1,10,13.69,5,28,166.44
644,725,699,2,72,42.83,0,18,3639.13
645,952,295,1,96,18.7,2,28,2252.2
646,873,261,1,48,10.75,0,18,608.68
647,625,212,1,24,14.41,2,28,433.88
648,973,656,2,48,23.78,5,28,1387.93
649,82,457,1,20,31.72,3,28,787.75
650,764,61,1,18,10.44,2,28,235.64
651,198,434,1,40,16.73,7.5,28,792.49
652,379,622,2,24,12.21,7.5,28,346.87
653,437,964,3,6,15.43,5,28,112.58
654,340,440,1,10,65.13,5,28,791.98
655,667,169,1,48,53.39,0,28,3280.17
656,965,610,2,72,67.44,2,28,6090.93
657,210,755,2,96,17.13,0,28,2105.2
658,239,901,3,20,8.97,5,18,201.17
659,707,966,3,120,19.93,0,28,3061.29
660,590,628,2,24,32.46,7.5,28,922.52
661,102,913,3,72,9.71,7.5,18,763.17
662,357,466,1,48,25.25,5,28,1473.55
663,934,365,1,10,25.05,0,28,320.7
664,883,670,2,48,59.57,7.5,28,3385.73
665,282,721,2,36,10.51,5,28,460.2
666,553,432,1,24,13.47,3,28,401.52
667,305,870,3,12,69.55,2,28,1046.92
668,526,690,2,20,49.06,2,18,1134.61
669,413,21,1,10,12.11,3,28,150.38
670,846,798,3,60,32.05,7.5,28,2276.9
671,817,801,3,40,10.64,7.5,28,503.79
672,316,633,2,12,15.88,3,28,236.67
673,646,23,1,12,14.58,3,28,217.23
674,145,196,1,10,27.41,7.5,28,324.56
675,177,976,3,120,20.8,3,28,3099.37
676,800,92,1,10,13.57,0,28,173.68
677,564,796,3,30,22.32,3,28,831.54
678,102,320,1,48,79.03,2,28,4758.3
679,244,361,1,20,13.6,2,28,341.24
680,927,849,3,20,47.6,7.5,28,1127.24
681,677,162,1,60,13.52,2,28,1017.83
682,499,210,1,48,66,2,28,3974.08
683,898,12,1,6,15.29,5,28,111.53
684,314,825,3,12,18.27,0,28,280.66
685,112,66,1,60,24.18,5,28,1764.16
686,817,247,1,60,19.98,5,18,1344.15
687,819,31,1,120,11.42,3,28,1701.85
688,429,71,1,6,12.2,0,28,93.71
689,857,261,1,24,8.63,2,18,239.64
690,90,958,3,40,29.96,5,28,1457.27
691,598,926,3,6,19.45,5,28,141.92
692,751,113,1,96,16.59,3,28,1977.84
693,139,233,1,120,12.54,5,28,1830.01
694,712,243,1,12,11.81,0,18,167.21
695,896,641,2,60,10.52,7.5,28,747.65
696,965,308,1,96,39.6,3,28,4720.58
697,671,878,3,10,32.17,3,28,399.48
698,517,38,1,18,39.14,0,28,901.68
699,405,974,3,36,12.7,3,28,567.77
700,625,246,1,6,18.41,7.5,18,120.57
701,157,924,3,36,11.96,3,28,534.59
702,408,889,3,120,34.13,5,18,4590.69
703,341,393,1,72,13.62,3,28,1217.96
704,625,980,3,40,64.76,0,28,3315.81
705,227,537,2,40,29.45,2,28,1477.51
706,189,875,3,72,18.65,7.5,28,1590.27
707,494,82,1,12,12.57,2,28,189.18
708,241,682,2,6,11.24,3,18,77.22
709,851,695,2,24,15.33,5,18,412.32
710,634,936,3,12,23.11,5,28,337.21
711,180,565,2,12,17.94,5,28,261.8
712,710,378,1,36,35.08,0,28,1616.34
713,544,610,2,48,69.21,2,28,4167.42
714,775,88,1,18,32.94,0,28,758.98
715,251,939,3,18,47.38,5,28,1037.04
716,349,443,1,48,15.76,2,28,948.68
717,282,855,3,24,18.76,2,28,564.68
718,168,524,2,10,16.26,2,28,203.97
719,203,204,1,12,15.91,7.5,28,226.11
720,928,554,2,72,15.08,0,28,1389.94
721,827,657,2,6,28.52,5,28,208.07
722,254,973,3,18,12.02,5,28,263.18
723,243,693,2,30,12.63,5,18,424.71
724,905,994,3,12,14.96,5,28,218.26
725,707,637,2,72,30.12,2,28,2720.45
726,358,320,1,6,81.94,7.5,28,582.12
727,536,752,2,24,14.11,3,28,420.53
728,435,402,1,48,14.19,0,28,871.94
729,821,29,1,24,52.69,0,28,1618.77
730,713,84,1,20,16.02,5,28,389.58
731,792,537,2,18,28.65,3,28,640.26
732,489,435,1,60,20.92,3,28,1558.8
733,170,640,2,6,69.88,5,28,509.83
734,170,479,1,10,59.34,2,28,744.32
735,545,29,1,24,50.36,2,28,1516.23
736,43,158,1,40,43.26,2,28,2170.59
737,971,838,3,12,31.12,5,28,454.11
738,808,925,3,30,17.79,5,28,649.12
739,95,528,2,96,36.9,0,28,4533.73
740,285,50,1,96,73.5,7.5,28,8354.36
741,152,519,1,10,56.15,5,28,682.78
742,229,228,1,30,37.67,3,28,1403.26
743,788,627,2,40,28.32,2,28,1420.99
744,411,688,2,20,28.38,7.5,18,619.43
745,962,593,2,120,14.48,0,28,2224.05
746,467,233,1,6,14.84,3,28,110.58
747,891,534,2,48,17.01,7.5,28,966.51
748,15,898,3,72,21.07,7.5,18,1655.74
749,897,694,2,20,12.55,5,18,281.27
750,742,941,3,40,10.19,7.5,28,482.48
751,185,979,3,96,52.63,7.5,28,5981.58
752,523,407,1,20,27.76,7.5,28,657.26
753,436,822,3,120,11,2,28,1655.81
754,511,459,1,60,50.31,3,28,3748.17
755,607,336,1,12,22.4,0,28,344.07
756,650,901,3,36,7.54,0,18,320.09
757,629,506,1,48,26.67,7.5,28,1515.98
758,624,204,1,72,18.01,7.5,28,1535.48
759,963,638,2,10,35.86,5,28,436.08
760,454,597,2,12,27.41,2,28,412.63
761,933,970,3,36,57.86,0,28,2666.04
762,792,265,1,36,13.57,3,18,559.15
763,290,709,2,24,34.17,0,18,967.69
764,431,368,1,120,35.96,7.5,28,5109.75
765,36,634,2,48,15.01,2,28,904.04
766,843,661,2,12,11.88,7.5,28,168.74
767,503,294,1,40,13.24,3,28,657.62
768,976,175,1,20,19.56,0,28,500.66
769,376,767,3,10,23.72,0,28,303.65
770,455,736,2,36,24.36,7.5,28,1038.42
771,116,541,2,6,10.04,5,28,73.26
772,356,508,1,96,37.36,0,28,4590.3
773,324,171,1,96,13.16,5,28,1536.54
774,897,290,1,10,73.58,2,28,923.01
775,361,753,2,10,15.91,7.5,28,188.39
776,118,347,1,24,30.37,2,28,914.31
777,456,630,2,18,61.57,3,28,1375.96
778,982,728,2,48,38.09,2,28,2293.52
779,616,197,1,48,33.05,5,28,1929.23
780,354,209,1,120,58.76,7.5,28,8348.03
781,194,904,3,120,9.98,0,18,1413.52
782,677,708,2,20,28.97,2,18,670.1
783,937,705,2,12,16.92,7.5,18,221.66
784,431,795,3,12,15.99,0,28,245.67
785,907,576,2,18,21.28,2,28,480.52
786,585,330,1,10,72.63,2,28,911.07
787,995,452,1,48,13.81,5,28,806.03
788,84,10,1,96,61.52,3,28,7332.46
789,561,184,1,24,14.79,5,28,431.5
790,791,114,1,12,13.99,0,28,214.96
791,998,900,3,36,38.22,5,18,1542.36
792,665,275,1,40,15.38,3,18,704.25
793,297,982,3,72,12.2,7.5,28,1040.09
794,598,430,1,120,76.75,7.5,28,10905.08
795,695,897,3,12,19.23,2,18,266.9
796,393,850,3,6,66.63,3,28,496.35
797,182,110,1,60,68.22,3,28,5082.43
798,402,356,1,30,27.97,3,28,1041.91
799,629,528,2,120,33.48,7.5,28,4756.21
800,768,415,1,40,22.34,5,28,1086.59
801,288,390,1,24,76.92,5,28,2244.95
802,527,930,3,48,60.84,5,28,3551.14
803,629,42,1,120,13.14,5,28,1918.04
804,191,50,1,18,61.91,5,28,1355.12
805,83,399,1,60,52.71,2,28,3966.85
806,949,159,1,120,47.55,3,28,7084.59
807,316,199,1,30,54.95,2,28,2067.81
808,34,995,3,10,20.95,0,28,268.1
809,639,257,1,36,22.85,7.5,18,897.84
810,146,38,1,20,44.5,0,28,1139.1
811,146,715,2,36,15.58,0,18,661.73
812,139,765,3,10,19,2,28,238.36
813,631,22,1,20,14.12,7.5,28,334.47
814,968,818,3,48,30.24,7.5,28,1718.32
815,322,868,3,18,32.89,2,28,742.6
816,129,478,1,6,40.19,5,28,293.22
817,124,209,1,10,56.54,3,28,702
818,298,186,1,72,21.32,2,28,1925.51
819,502,217,1,10,31.05,2,28,389.48
820,132,972,3,36,11.17,3,28,499.1
821,371,263,1,6,11.07,5,18,74.43
822,773,623,2,48,16.11,5,28,940.2
823,263,270,1,48,44.38,3,18,2438.39
824,305,799,3,24,44.79,7.5,28,1272.69
825,463,18,1,20,42.91,0,28,1098.39
826,50,654,2,60,17.45,2,28,1313.69
827,224,254,1,72,13.6,2,18,1132.16
828,468,420,1,30,65.64,7.5,28,2331.62
829,571,954,3,12,15.25,0,28,234.31
830,64,675,2,20,21.16,2,28,530.8
831,130,202,1,60,12.55,2,28,944.27
832,728,860,3,72,52.08,3,28,4655.84
833,283,565,2,72,18.62,3,28,1664.67
834,158,761,3,24,9.7,2,28,292.01
835,431,327,1,40,28.78,0,28,1473.74
836,69,518,1,18,38.07,2,28,859.68
837,344,569,2,30,50.64,5,28,1847.44
838,66,240,1,120,69.07,7.5,28,9813.32
839,280,896,3,60,15.72,2,18,1090.72
840,835,804,3,30,12.96,2,28,487.79
841,602,60,1,48,74.2,0,28,4558.97
842,568,796,3,96,18.86,2,28,2270.85
843,272,377,1,36,28.51,2,28,1287.28
844,145,130,1,48,74.39,0,28,4570.53
845,353,21,1,30,11.4,7.5,28,404.78
846,213,781,3,30,9.46,0,28,363.11
847,887,932,3,48,11.8,7.5,28,670.71
848,907,717,2,60,19.06,7.5,18,1248.5
849,785,626,2,96,26.54,0,28,3261.21
850,525,34,1,96,15.02,7.5,28,1707.51
851,216,40,1,36,75.56,7.5,28,3220.71
852,465,470,1,18,78.21,2,28,1766.03
853,887,699,2,96,35.5,2,18,3941.16
854,203,800,3,24,50.78,2,28,1528.86
855,339,637,2,48,27.7,7.5,28,1574.28
856,767,876,3,40,23.45,0,28,1200.45
857,850,182,1,10,12.1,5,28,147.08
858,714,803,3,72,11.72,5,28,1026.31
859,60,288,1,12,38.91,2,28,585.75
860,581,350,1,48,64.4,5,28,3758.76
861,771,52,1,6,14.5,2,28,109.17
862,644,920,3,18,45.58,7.5,18,895.53
863,470,334,1,72,14.64,2,28,1322.6
864,217,922,3,24,10.96,2,28,329.83
865,613,305,1,20,22.39,0,28,573.19
866,187,596,2,6,22.1,2,28,166.36
867,139,895,3,12,16.09,0,18,227.88
868,894,179,1,30,52.5,3,28,1955.6
869,575,566,2,36,23.44,3,28,1047.6
870,917,218,1,12,33.4,3,28,497.62
871,155,66,1,30,26.89,7.5,28,955.06
872,970,308,1,120,34.41,3,28,5126.26
873,562,104,1,30,15.99,3,28,595.78
874,854,562,2,6,12.93,7.5,28,91.89
875,999,688,2,30,30.11,5,18,1012.64
876,705,689,2,96,34.04,0,18,3856.07
877,259,722,2,96,11.85,5,28,1382.8
878,97,65,1,20,22.17,2,28,556.11
879,218,43,1,30,15.43,7.5,28,548.13
880,430,103,1,40,16.12,3,28,800.37
881,3,123,1,36,17.26,3,28,771.29
882,705,252,1,36,12.19,3,18,502.26
883,554,414,1,96,15.06,7.5,28,1711.57
884,284,166,1,6,24.23,5,28,176.77
885,610,81,1,30,11.23,3,28,418.32
886,364,134,1,96,16.04,0,28,1970.51
887,487,616,2,72,21.32,7.5,28,1817.21
888,271,411,1,6,11.66,0,28,89.55
889,158,786,3,10,25.7,7.5,28,304.26
890,264,290,1,40,63.71,3,28,3163.9
891,195,291,1,20,10.32,0,28,264.11
892,586,125,1,96,22.48,2,28,2706.72
893,717,131,1,72,13.39,7.5,28,1141.77
894,777,723,2,18,16.15,5,28,353.57
895,987,796,3,48,19.89,7.5,28,1130.24
896,830,211,1,120,12.81,2,28,1928.27
897,906,379,1,12,45.23,0,28,694.66
898,997,296,1,18,27.71,7.5,28,590.63
899,95,772,3,60,12.08,5,28,881.03
900,600,490,1,18,70.04,2,28,1581.51
901,239,113,1,10,16.3,0,28,208.7
902,55,44,1,20,18.12,7.5,28,429.19
903,477,584,2,12,15.34,0,28,235.58
904,861,917,3,24,17.1,0,18,484.32
905,126,506,1,120,25.04,7.5,28,3558.07
906,696,356,1,72,25.01,2,28,2258.59
907,410,633,2,12,15.36,5,28,224.14
908,955,489,1,40,61.55,2,28,3088.25
909,563,986,3,10,20.24,3,28,251.24
910,580,103,1,40,13.85,7.5,28,655.84
911,422,467,1,10,31.2,7.5,28,369.46
912,157,436,1,60,27.31,5,28,1992.74
913,403,492,1,40,12.81,2,28,642.62
914,177,136,1,40,24.34,5,28,1183.98
915,106,12,1,72,14.17,3,28,1266.72
916,129,762,3,24,13.27,2,28,399.58
917,359,361,1,10,11.33,2,28,142.09
918,981,163,1,72,15.68,5,28,1372.62
919,210,893,3,30,8.66,0,18,306.67
920,820,260,1,6,45.57,2,18,316.16
921,234,166,1,48,27.33,5,28,1595.39
922,644,10,1,6,69.03,5,28,503.61
923,512,609,2,18,48.03,3,28,1073.3
924,134,149,1,20,45.21,5,28,1099.53
925,481,735,2,18,21.97,0,28,506.26
926,430,703,2,60,9.74,7.5,18,637.55
927,994,102,1,36,13.8,3,28,617.04
928,492,459,1,96,51.08,5,28,5962.31
929,519,826,3,30,20.8,7.5,28,738.8
930,950,781,3,40,9.16,0,28,469.02
931,79,460,1,60,61.97,3,28,4616.25
932,637,967,3,60,27.78,5,28,2027.15
933,358,279,1,72,33.09,2,18,2755.25
934,744,402,1,24,12.61,3,28,375.77
935,373,124,1,10,15.66,3,28,194.48
936,220,592,2,12,13.3,7.5,28,188.98
937,498,412,1,36,13.43,2,28,606.65
938,658,367,1,60,27.05,3,28,2015.38
939,461,144,1,24,14.52,0,28,446.16
940,484,223,1,72,15.68,5,28,1372.9
941,157,821,3,30,10.1,5,28,368.55
942,312,265,1,96,15.82,2,18,1756.66
943,192,401,1,120,11.71,3,28,1745.12
944,209,704,2,18,13.32,2,18,277.17
945,195,346,1,60,25.71,2,28,1935
946,189,345,1,6,21.27,0,28,163.35
947,95,927,3,36,25.94,7.5,28,1105.63
948,320,207,1,12,30.37,3,28,452.48
949,371,437,1,20,32.17,0,28,823.51
950,283,595,2,20,21.13,0,28,541.05
951,581,723,2,20,16.7,0,28,427.48
952,681,761,3,120,9.73,0,28,1494.39
953,580,623,2,48,14.49,2,28,872.29
954,151,977,3,120,26.31,3,28,3919.77
955,433,253,1,24,10.66,0,18,301.76
956,726,426,1,10,27.84,5,28,338.51
957,501,126,1,12,26.09,5,28,380.68
958,658,792,3,24,12.74,5,28,371.84
959,842,761,3,30,10.99,7.5,28,390.39
960,557,648,2,60,35.1,2,28,2641.75
961,900,932,3,24,12.18,2,28,366.76
962,513,715,2,12,15.17,5,18,204.08
963,977,627,2,24,31.82,7.5,28,904.22
964,398,27,1,30,30.6,5,28,1116.12
965,989,147,1,36,30.89,2,28,1394.97
966,596,6,1,96,24.01,7.5,28,2729.09
967,713,436,1,18,28.5,0,28,656.65
968,450,693,2,24,12.1,3,18,332.37
969,357,835,3,6,18.75,7.5,28,133.19
970,672,304,1,36,16.67,7.5,28,710.52
971,281,210,1,72,65.39,5,28,5725.32
972,853,808,3,60,31.31,3,28,2332.22
973,20,116,1,12,27.8,7.5,28,395.02
974,249,124,1,60,13.33,3,28,993.14
975,757,327,1,48,31.22,0,28,1918.41
976,972,867,3,12,29.98,7.5,28,425.99
977,859,712,2,24,11,2,18,305.37
978,165,563,2,48,14.15,5,28,825.69
979,986,365,1,40,21.07,0,28,1078.61
980,161,148,1,30,40.46,7.5,28,1436.96
981,59,171,1,24,11.67,2,28,351.22
982,364,147,1,18,28.59,0,28,658.69
983,668,781,3,18,10.57,7.5,28,225.26
984,454,265,1,60,16.9,5,18,1136.53
985,722,927,3,36,24.9,3,28,1113.03
986,914,33,1,12,14.71,3,28,219.12
987,266,912,3,24,8.87,0,18,251.33
988,781,47,1,12,30.29,3,28,451.33
989,550,977,3,48,25.17,0,28,1546.54
990,386,464,1,96,13.9,0,28,1708.4
991,553,863,3,10,12.12,2,28,151.98
992,884,197,1,36,33.75,0,28,1555
993,933,19,1,60,52.58,0,28,4038.3
994,477,159,1,72,46.73,7.5,28,3983.34
995,391,810,3,120,60.5,5,28,8827.48
996,541,780,3,48,59.65,5,28,3481.47
997,621,794,3,30,13.57,3,28,505.56
998,55,724,2,30,14.8,3,28,551.36
999,681,860,3,48,56.13,2,28,3379.71
1000,571,617,2,48,24.59,5,28,1435.09
